class_id,class_name,crop,disease,v3_train,v3_val,v3_test,new_field_count,v4_train,v4_val,v4_test,total_v4
0,healthy,healthy,healthy,5308,590,1041,0,5308,590,1041,6939
1,apple__black_rot,apple,black_rot,66,7,10,0,66,7,10,83
2,apple__mosaic_virus,apple,mosaic_virus,70,8,11,0,70,8,11,89
3,apple__rust,apple,rust,112,12,14,0,112,12,14,138
4,apple__scab,apple,scab,208,23,25,0,208,23,25,256
5,banana__anthracnose,banana,anthracnose,56,6,7,0,56,6,7,69
6,banana__black_leaf_streak,banana,black_leaf_streak,127,14,17,0,127,14,17,158
7,banana__bunchy_top,banana,bunchy_top,115,13,11,0,115,13,11,139
8,banana__cigar_end_rot,banana,cigar_end_rot,47,5,4,0,47,5,4,56
9,banana__cordana_leaf_spot,banana,cordana_leaf_spot,42,5,4,0,42,5,4,51
10,banana__panama_disease,banana,panama_disease,49,6,8,0,49,6,8,63
11,basil__downy_mildew,basil,downy_mildew,51,6,6,0,51,6,6,63
12,bean__angular_leaf_spot,bean,angular_leaf_spot,330,37,65,0,330,37,65,432
13,bean__halo_blight,bean,halo_blight,45,5,6,0,45,5,6,56
14,bean__mosaic_virus,bean,mosaic_virus,47,5,5,0,47,5,5,57
15,bean__rust,bean,rust,471,52,77,0,471,52,77,600
16,bell_pepper__bacterial_spot,bell_pepper,bacterial_spot,55,6,7,0,55,6,7,68
17,bell_pepper__blossom_end_rot,bell_pepper,blossom_end_rot,87,10,11,0,87,10,11,108
18,bell_pepper__frogeye_leaf_spot,bell_pepper,frogeye_leaf_spot,22,2,4,0,22,2,4,28
19,bell_pepper__powdery_mildew,bell_pepper,powdery_mildew,22,2,2,0,22,2,2,26
20,blueberry__anthracnose,blueberry,anthracnose,32,4,4,0,32,4,4,40
21,blueberry__botrytis_blight,blueberry,botrytis_blight,29,3,3,0,29,3,3,35
22,blueberry__mummy_berry,blueberry,mummy_berry,38,4,4,0,38,4,4,46
23,blueberry__rust,blueberry,rust,34,4,5,0,34,4,5,43
24,blueberry__scorch,blueberry,scorch,33,4,5,0,33,4,5,42
25,broccoli__alternaria_leaf_spot,broccoli,alternaria_leaf_spot,49,5,8,0,49,5,8,62
26,broccoli__downy_mildew,broccoli,downy_mildew,23,2,4,0,23,2,4,29
27,broccoli__ring_spot,broccoli,ring_spot,8,1,1,0,8,1,1,10
28,cabbage__alternaria_leaf_spot,cabbage,alternaria_leaf_spot,47,5,6,0,47,5,6,58
29,cabbage__black_rot,cabbage,black_rot,96,11,13,0,96,11,13,120
30,cabbage__downy_mildew,cabbage,downy_mildew,68,8,8,0,68,8,8,84
31,carrot__alternaria_leaf_blight,carrot,alternaria_leaf_blight,47,5,7,0,47,5,7,59
32,carrot__cavity_spot,carrot,cavity_spot,59,6,7,0,59,6,7,72
33,carrot__cercospora_leaf_blight,carrot,cercospora_leaf_blight,13,1,3,0,13,1,3,17
34,cauliflower__alternaria_leaf_spot,cauliflower,alternaria_leaf_spot,35,4,4,0,35,4,4,43
35,cauliflower__bacterial_soft_rot,cauliflower,bacterial_soft_rot,27,3,2,0,27,3,2,32
36,celery__anthracnose,celery,anthracnose,25,3,1,0,25,3,1,29
37,celery__early_blight,celery,early_blight,28,3,5,0,28,3,5,36
38,cherry__leaf_spot,cherry,leaf_spot,86,10,10,0,86,10,10,106
39,cherry__powdery_mildew,cherry,powdery_mildew,27,3,3,0,27,3,3,33
40,citrus__canker,citrus,canker,306,34,48,0,306,34,48,388
41,citrus__greening_disease,citrus,greening_disease,107,12,14,0,107,12,14,133
42,coffee__berry_blotch,coffee,berry_blotch,86,10,9,0,86,10,9,105
43,coffee__black_rot,coffee,black_rot,5,1,0,0,5,1,0,6
44,coffee__brown_eye_spot,coffee,brown_eye_spot,12,1,1,0,12,1,1,14
45,coffee__leaf_rust,coffee,leaf_rust,129,14,16,0,129,14,16,159
46,corn__gray_leaf_spot,corn,gray_leaf_spot,85,10,12,0,85,10,12,107
47,corn__northern_leaf_blight,corn,northern_leaf_blight,104,12,14,0,104,12,14,130
48,corn__rust,corn,rust,143,16,18,0,143,16,18,177
49,corn__smut,corn,smut,165,18,19,0,165,18,19,202
50,cucumber__angular_leaf_spot,cucumber,angular_leaf_spot,144,16,22,0,144,16,22,182
51,cucumber__bacterial_wilt,cucumber,bacterial_wilt,85,10,13,0,85,10,13,108
52,cucumber__powdery_mildew,cucumber,powdery_mildew,148,16,22,150,283,31,22,336
53,eggplant__cercospora_leaf_spot,eggplant,cercospora_leaf_spot,47,5,6,0,47,5,6,58
54,eggplant__phomopsis_fruit_rot,eggplant,phomopsis_fruit_rot,36,4,5,0,36,4,5,45
55,eggplant__phytophthora_blight,eggplant,phytophthora_blight,26,3,4,0,26,3,4,33
56,garlic__leaf_blight,garlic,leaf_blight,72,8,12,0,72,8,12,92
57,garlic__rust,garlic,rust,85,9,12,0,85,9,12,106
58,ginger__leaf_spot,ginger,leaf_spot,19,2,4,0,19,2,4,25
59,ginger__sheath_blight,ginger,sheath_blight,52,6,8,0,52,6,8,66
60,grape__black_rot,grape,black_rot,97,11,13,0,97,11,13,121
61,grape__downy_mildew,grape,downy_mildew,221,25,32,0,221,25,32,278
62,grape__grapevine_leafroll_disease,grape,grapevine_leafroll_disease,59,7,5,0,59,7,5,71
63,grape__leaf_spot,grape,leaf_spot,70,8,10,0,70,8,10,88
64,lettuce__downy_mildew,lettuce,downy_mildew,67,7,8,0,67,7,8,82
65,lettuce__mosaic_virus,lettuce,mosaic_virus,31,4,4,0,31,4,4,39
66,maple__tar_spot,maple,tar_spot,95,10,8,0,95,10,8,113
67,peach__anthracnose,peach,anthracnose,11,1,1,0,11,1,1,13
68,peach__brown_rot,peach,brown_rot,137,15,14,0,137,15,14,166
69,peach__leaf_curl,peach,leaf_curl,148,16,18,0,148,16,18,182
70,peach__rust,peach,rust,6,1,1,0,6,1,1,8
71,peach__scab,peach,scab,60,7,8,0,60,7,8,75
72,plum__bacterial_spot,plum,bacterial_spot,13,2,1,0,13,2,1,16
73,plum__brown_rot,plum,brown_rot,64,7,5,0,64,7,5,76
74,plum__pocket_disease,plum,pocket_disease,48,5,4,0,48,5,4,57
75,plum__pox_virus,plum,pox_virus,25,3,4,0,25,3,4,32
76,plum__rust,plum,rust,29,3,2,0,29,3,2,34
77,potato__early_blight,potato,early_blight,103,11,10,0,103,11,10,124
78,potato__late_blight,potato,late_blight,93,10,12,0,93,10,12,115
79,raspberry__fire_blight,raspberry,fire_blight,24,3,4,0,24,3,4,31
80,raspberry__gray_mold,raspberry,gray_mold,32,4,2,0,32,4,2,38
81,raspberry__leaf_spot,raspberry,leaf_spot,15,2,1,0,15,2,1,18
82,raspberry__yellow_rust,raspberry,yellow_rust,29,3,4,0,29,3,4,36
83,rice__blast,rice,blast,68,8,7,0,68,8,7,83
84,rice__sheath_blight,rice,sheath_blight,58,6,8,0,58,6,8,72
85,soybean__bacterial_blight,soybean,bacterial_blight,70,8,9,0,70,8,9,87
86,soybean__brown_spot,soybean,brown_spot,49,5,7,0,49,5,7,61
87,soybean__downy_mildew,soybean,downy_mildew,111,12,11,0,111,12,11,134
88,soybean__frog_eye_leaf_spot,soybean,frog_eye_leaf_spot,170,19,21,0,170,19,21,210
89,soybean__mosaic,soybean,mosaic,92,10,13,0,92,10,13,115
90,soybean__rust,soybean,rust,455,51,9,0,455,51,9,515
91,squash__powdery_mildew,squash,powdery_mildew,139,15,20,0,139,15,20,174
92,strawberry__anthracnose,strawberry,anthracnose,48,5,5,0,48,5,5,58
93,strawberry__leaf_scorch,strawberry,leaf_scorch,32,4,3,0,32,4,3,39
94,tobacco__blue_mold,tobacco,blue_mold,45,5,5,0,45,5,5,55
95,tobacco__brown_spot,tobacco,brown_spot,49,6,7,0,49,6,7,62
96,tobacco__frogeye_leaf_spot,tobacco,frogeye_leaf_spot,15,2,3,0,15,2,3,20
97,tobacco__mosaic_virus,tobacco,mosaic_virus,32,4,5,0,32,4,5,41
98,tomato__bacterial_leaf_spot,tomato,bacterial_leaf_spot,85,9,13,0,85,9,13,107
99,tomato__early_blight,tomato,early_blight,140,16,22,150,275,31,22,328
100,tomato__late_blight,tomato,late_blight,131,15,17,137,254,29,17,300
101,tomato__leaf_mold,tomato,leaf_mold,126,14,16,80,198,22,16,236
102,tomato__mosaic_virus,tomato,mosaic_virus,50,6,7,0,50,6,7,63
103,tomato__septoria_leaf_spot,tomato,septoria_leaf_spot,98,11,14,150,233,26,14,273
104,tomato__yellow_leaf_curl_virus,tomato,yellow_leaf_curl_virus,72,8,9,0,72,8,9,89
105,wheat__bacterial_leaf_streak_(black_chaff),wheat,bacterial_leaf_streak_(black_chaff),92,10,13,0,92,10,13,115
106,wheat__head_scab,wheat,head_scab,221,24,30,0,221,24,30,275
107,wheat__leaf_rust,wheat,leaf_rust,105,12,11,0,105,12,11,128
108,wheat__loose_smut,wheat,loose_smut,154,17,19,0,154,17,19,190
109,wheat__powdery_mildew,wheat,powdery_mildew,211,24,27,0,211,24,27,262
110,wheat__septoria_blotch,wheat,septoria_blotch,164,18,19,0,164,18,19,201
111,wheat__stem_rust,wheat,stem_rust,111,12,13,0,111,12,13,136
112,wheat__stripe_rust,wheat,stripe_rust,264,29,32,0,264,29,32,325
113,zucchini__bacterial_wilt,zucchini,bacterial_wilt,53,6,9,0,53,6,9,68
114,zucchini__downy_mildew,zucchini,downy_mildew,34,4,5,0,34,4,5,43
115,zucchini__powdery_mildew,zucchini,powdery_mildew,164,18,18,0,164,18,18,200
116,zucchini__yellow_mosaic_virus,zucchini,yellow_mosaic_virus,77,9,9,0,77,9,9,95
