class,class_id,current_verified_train,current_val,current_test,test_support,test_precision,test_recall,test_f1,unique_images,n_sources,sources,new_field_images,v3_train,proposed_additional_real,recommended_target_train,priority,reason,potential_source,label_verification_requirements
coffee__black_rot,43,5,1,0,0,0.0,0.0,0.0,6,2,plantseg:3; plantseg_v3_supplementary:3,0,5,95,100,P0,Critical gap (5 train) with F1=0.00/support=0. Cannot learn; founding set needed.,Verified phytopathology collections / PlantSeg-family repositories with crop-disease-specific curation.,"PRIORITY: new independent source (all current images from 2 PlantSeg pools). Crop-disease-specific collection only (generic healthy images must NOT be relabeled as diseased); expert phytopathology label sign-off; lesion-visible QA; SHA-256 dedupe vs train/val/test + 178-image benchmark + V3 2,304-image test set; license check."
peach__rust,70,6,1,1,1,1.0,1.0,1.0,8,2,plantseg:5; plantseg_v3_supplementary:3,0,6,94,100,P0,Critical gap (6 train) with F1=1.00/support=1. Cannot learn; founding set needed.,Verified phytopathology collections / PlantSeg-family repositories with crop-disease-specific curation.,"PRIORITY: new independent source (all current images from 2 PlantSeg pools). Crop-disease-specific collection only (generic healthy images must NOT be relabeled as diseased); expert phytopathology label sign-off; lesion-visible QA; SHA-256 dedupe vs train/val/test + 178-image benchmark + V3 2,304-image test set; license check."
broccoli__ring_spot,27,8,1,1,1,0.0,0.0,0.0,10,2,plantseg:7; plantseg_v3_supplementary:3,0,8,92,100,P0,Critical gap (8 train) with F1=0.00/support=1. Cannot learn; founding set needed. Confusions out: [cabbage__alternaria_leaf_spot:1]; in: [cauliflower__alternaria_leaf_spot:1].,Verified phytopathology collections / PlantSeg-family repositories with crop-disease-specific curation.,"PRIORITY: new independent source (all current images from 2 PlantSeg pools). Crop-disease-specific collection only (generic healthy images must NOT be relabeled as diseased); expert phytopathology label sign-off; lesion-visible QA; SHA-256 dedupe vs train/val/test + 178-image benchmark + V3 2,304-image test set; license check."
peach__anthracnose,67,11,1,1,1,0.3333,1.0,0.5,13,2,plantseg:10; plantseg_v3_supplementary:3,0,11,89,100,P0,Critical gap (11 train) with F1=0.50/support=1. Cannot learn; founding set needed. Confusions out: [none]; in: [apple__black_rot:2].,Verified phytopathology collections / PlantSeg-family repositories with crop-disease-specific curation.,"PRIORITY: new independent source (all current images from 2 PlantSeg pools). Crop-disease-specific collection only (generic healthy images must NOT be relabeled as diseased); expert phytopathology label sign-off; lesion-visible QA; SHA-256 dedupe vs train/val/test + 178-image benchmark + V3 2,304-image test set; license check."
coffee__brown_eye_spot,44,12,1,1,1,0.5,1.0,0.6667,14,2,plantseg:11; plantseg_v3_supplementary:3,0,12,88,100,P0,Critical gap (12 train) with F1=0.67/support=1. Cannot learn; founding set needed. Confusions out: [none]; in: [coffee__berry_blotch:1].,Verified phytopathology collections / PlantSeg-family repositories with crop-disease-specific curation.,"PRIORITY: new independent source (all current images from 2 PlantSeg pools). Crop-disease-specific collection only (generic healthy images must NOT be relabeled as diseased); expert phytopathology label sign-off; lesion-visible QA; SHA-256 dedupe vs train/val/test + 178-image benchmark + V3 2,304-image test set; license check."
carrot__cercospora_leaf_blight,33,13,1,3,3,0.6667,0.6667,0.6667,17,2,plantseg:16; plantseg_v3_supplementary:1,0,13,87,100,P0,Critical gap (13 train). Small-test F1=0.67 is not evidence either way; acquire first. Confusions out: [carrot__alternaria_leaf_blight:1]; in: [celery__early_blight:1].,Verified phytopathology collections / PlantSeg-family repositories with crop-disease-specific curation.,"PRIORITY: new independent source (all current images from 2 PlantSeg pools). Crop-disease-specific collection only (generic healthy images must NOT be relabeled as diseased); expert phytopathology label sign-off; lesion-visible QA; SHA-256 dedupe vs train/val/test + 178-image benchmark + V3 2,304-image test set; license check."
plum__bacterial_spot,72,13,2,1,1,0.0,0.0,0.0,16,2,plantseg:10; plantseg_v3_supplementary:6,0,13,87,100,P0,Critical gap (13 train) with F1=0.00/support=1. Cannot learn; founding set needed. Confusions out: [apple__scab:1]; in: [soybean__brown_spot:1].,Verified phytopathology collections / PlantSeg-family repositories with crop-disease-specific curation.,"PRIORITY: new independent source (all current images from 2 PlantSeg pools). Crop-disease-specific collection only (generic healthy images must NOT be relabeled as diseased); expert phytopathology label sign-off; lesion-visible QA; SHA-256 dedupe vs train/val/test + 178-image benchmark + V3 2,304-image test set; license check."
raspberry__leaf_spot,81,15,2,1,1,0.0,0.0,0.0,18,2,plantseg:11; plantseg_v3_supplementary:7,0,15,85,100,P0,Critical gap (15 train) with F1=0.00/support=1. Cannot learn; founding set needed. Confusions out: [healthy:1]; in: [tomato__mosaic_virus:1].,Verified phytopathology collections / PlantSeg-family repositories with crop-disease-specific curation.,"PRIORITY: new independent source (all current images from 2 PlantSeg pools). Crop-disease-specific collection only (generic healthy images must NOT be relabeled as diseased); expert phytopathology label sign-off; lesion-visible QA; SHA-256 dedupe vs train/val/test + 178-image benchmark + V3 2,304-image test set; license check."
tobacco__frogeye_leaf_spot,96,15,2,3,3,0.3333,0.3333,0.3333,20,2,plantseg:15; plantseg_v3_supplementary:5,0,15,85,100,P0,Critical gap (15 train). Small-test F1=0.33 is not evidence either way; acquire first. Confusions out: [tobacco__blue_mold:1; tobacco__brown_spot:1]; in: [grape__black_rot:1; tobacco__brown_spot:1].,Verified phytopathology collections / PlantSeg-family repositories with crop-disease-specific curation.,"PRIORITY: new independent source (all current images from 2 PlantSeg pools). Crop-disease-specific collection only (generic healthy images must NOT be relabeled as diseased); expert phytopathology label sign-off; lesion-visible QA; SHA-256 dedupe vs train/val/test + 178-image benchmark + V3 2,304-image test set; license check."
ginger__leaf_spot,58,19,2,4,4,1.0,1.0,1.0,25,2,plantseg:22; plantseg_v3_supplementary:3,0,19,81,100,P0,Critical gap (19 train). Small-test F1=1.00 is not evidence either way; acquire first.,Verified phytopathology collections / PlantSeg-family repositories with crop-disease-specific curation.,"PRIORITY: new independent source (all current images from 2 PlantSeg pools). Crop-disease-specific collection only (generic healthy images must NOT be relabeled as diseased); expert phytopathology label sign-off; lesion-visible QA; SHA-256 dedupe vs train/val/test + 178-image benchmark + V3 2,304-image test set; license check."
bell_pepper__frogeye_leaf_spot,18,22,2,4,4,1.0,0.25,0.4,28,2,plantseg:23; plantseg_v3_supplementary:5,0,22,78,100,P1,Weak F1=0.40 on 22 train — dual evidence (low support + weak pattern). Confusions out: [bean__rust:1; soybean__frog_eye_leaf_spot:1; potato__early_blight:1]; in: [none].,Verified phytopathology collections / PlantSeg-family repositories with crop-disease-specific curation.,"PRIORITY: new independent source (all current images from 2 PlantSeg pools). Crop-disease-specific collection only (generic healthy images must NOT be relabeled as diseased); expert phytopathology label sign-off; lesion-visible QA; SHA-256 dedupe vs train/val/test + 178-image benchmark + V3 2,304-image test set; license check."
broccoli__downy_mildew,26,23,2,4,4,1.0,0.25,0.4,29,2,plantseg:23; plantseg_v3_supplementary:6,0,23,77,100,P1,Weak F1=0.40 on 23 train — dual evidence (low support + weak pattern). Confusions out: [cabbage__black_rot:1; cabbage__downy_mildew:1; tomato__leaf_mold:1]; in: [none].,Verified phytopathology collections / PlantSeg-family repositories with crop-disease-specific curation.,"PRIORITY: new independent source (all current images from 2 PlantSeg pools). Crop-disease-specific collection only (generic healthy images must NOT be relabeled as diseased); expert phytopathology label sign-off; lesion-visible QA; SHA-256 dedupe vs train/val/test + 178-image benchmark + V3 2,304-image test set; license check."
celery__anthracnose,36,25,3,1,1,0.0,0.0,0.0,29,2,plantseg_v3_supplementary:18; plantseg:11,0,25,75,100,P1,Weak F1=0.00 on 25 train — dual evidence (low support + weak pattern). Confusions out: [peach__leaf_curl:1]; in: [celery__early_blight:1; zucchini__bacterial_wilt:1; zucchini__yellow_mosaic_virus:1].,Verified phytopathology collections / PlantSeg-family repositories with crop-disease-specific curation.,"PRIORITY: new independent source (all current images from 2 PlantSeg pools). Crop-disease-specific collection only (generic healthy images must NOT be relabeled as diseased); expert phytopathology label sign-off; lesion-visible QA; SHA-256 dedupe vs train/val/test + 178-image benchmark + V3 2,304-image test set; license check."
eggplant__phytophthora_blight,55,26,3,4,4,0.6667,0.5,0.5714,33,2,plantseg:22; plantseg_v3_supplementary:11,0,26,74,100,P1,Weak F1=0.57 on 26 train — dual evidence (low support + weak pattern). Confusions out: [tomato__late_blight:1; ginger__sheath_blight:1]; in: [tomato__late_blight:1].,Verified phytopathology collections / PlantSeg-family repositories with crop-disease-specific curation.,"PRIORITY: new independent source (all current images from 2 PlantSeg pools). Crop-disease-specific collection only (generic healthy images must NOT be relabeled as diseased); expert phytopathology label sign-off; lesion-visible QA; SHA-256 dedupe vs train/val/test + 178-image benchmark + V3 2,304-image test set; license check."
cherry__powdery_mildew,39,27,3,3,3,0.3333,0.3333,0.3333,33,2,plantseg:25; plantseg_v3_supplementary:8,0,27,73,100,P1,Weak F1=0.33 on 27 train — dual evidence (low support + weak pattern). Confusions out: [bell_pepper__blossom_end_rot:1; squash__powdery_mildew:1]; in: [healthy:1; apple__scab:1].,Verified phytopathology collections / PlantSeg-family repositories with crop-disease-specific curation.,"PRIORITY: new independent source (all current images from 2 PlantSeg pools). Crop-disease-specific collection only (generic healthy images must NOT be relabeled as diseased); expert phytopathology label sign-off; lesion-visible QA; SHA-256 dedupe vs train/val/test + 178-image benchmark + V3 2,304-image test set; license check."
celery__early_blight,37,28,3,5,5,0.6667,0.4,0.5,36,2,plantseg:29; plantseg_v3_supplementary:7,0,28,72,100,P1,Weak F1=0.50 on 28 train — dual evidence (low support + weak pattern). Confusions out: [rice__sheath_blight:1; celery__anthracnose:1; carrot__cercospora_leaf_blight:1]; in: [grape__downy_mildew:1].,Verified phytopathology collections / PlantSeg-family repositories with crop-disease-specific curation.,"PRIORITY: new independent source (all current images from 2 PlantSeg pools). Crop-disease-specific collection only (generic healthy images must NOT be relabeled as diseased); expert phytopathology label sign-off; lesion-visible QA; SHA-256 dedupe vs train/val/test + 178-image benchmark + V3 2,304-image test set; license check."
plum__rust,76,29,3,2,2,0.5,0.5,0.5,34,2,plantseg_v3_supplementary:17; plantseg:17,0,29,71,100,P1,Weak F1=0.50 on 29 train — dual evidence (low support + weak pattern). Confusions out: [bean__rust:1]; in: [bean__rust:1].,Verified phytopathology collections / PlantSeg-family repositories with crop-disease-specific curation.,"PRIORITY: new independent source (all current images from 2 PlantSeg pools). Crop-disease-specific collection only (generic healthy images must NOT be relabeled as diseased); expert phytopathology label sign-off; lesion-visible QA; SHA-256 dedupe vs train/val/test + 178-image benchmark + V3 2,304-image test set; license check."
lettuce__mosaic_virus,65,31,4,4,4,0.6667,0.5,0.5714,39,2,plantseg:22; plantseg_v3_supplementary:17,0,31,69,100,P1,Weak F1=0.57 on 31 train — dual evidence (low support + weak pattern). Confusions out: [healthy:1; cabbage__downy_mildew:1]; in: [tomato__yellow_leaf_curl_virus:1].,Verified phytopathology collections / PlantSeg-family repositories with crop-disease-specific curation.,"PRIORITY: new independent source (all current images from 2 PlantSeg pools). Crop-disease-specific collection only (generic healthy images must NOT be relabeled as diseased); expert phytopathology label sign-off; lesion-visible QA; SHA-256 dedupe vs train/val/test + 178-image benchmark + V3 2,304-image test set; license check."
blueberry__rust,23,34,4,5,5,1.0,0.4,0.5714,43,2,plantseg:33; plantseg_v3_supplementary:10,0,34,66,100,P1,Weak F1=0.57 on 34 train — dual evidence (low support + weak pattern). Confusions out: [blueberry__anthracnose:2; apple__rust:1]; in: [none].,Verified phytopathology collections / PlantSeg-family repositories with crop-disease-specific curation.,"PRIORITY: new independent source (all current images from 2 PlantSeg pools). Crop-disease-specific collection only (generic healthy images must NOT be relabeled as diseased); expert phytopathology label sign-off; lesion-visible QA; SHA-256 dedupe vs train/val/test + 178-image benchmark + V3 2,304-image test set; license check."
zucchini__downy_mildew,114,34,4,5,5,0.0,0.0,0.0,43,2,plantseg:32; plantseg_v3_supplementary:11,0,34,66,100,P1,Weak F1=0.00 on 34 train — dual evidence (low support + weak pattern). Confusions out: [cucumber__angular_leaf_spot:3; tobacco__blue_mold:1; grape__downy_mildew:1]; in: [grape__leaf_spot:1].,Verified phytopathology collections / PlantSeg-family repositories with crop-disease-specific curation.,"PRIORITY: new independent source (all current images from 2 PlantSeg pools). Crop-disease-specific collection only (generic healthy images must NOT be relabeled as diseased); expert phytopathology label sign-off; lesion-visible QA; SHA-256 dedupe vs train/val/test + 178-image benchmark + V3 2,304-image test set; license check."
cauliflower__alternaria_leaf_spot,34,35,4,4,4,0.0,0.0,0.0,43,2,plantseg:27; plantseg_v3_supplementary:16,0,35,65,100,P1,Weak F1=0.00 on 35 train — dual evidence (low support + weak pattern). Confusions out: [cabbage__alternaria_leaf_spot:1; broccoli__ring_spot:1; broccoli__alternaria_leaf_spot:1]; in: [cabbage__alternaria_leaf_spot:2; tomato__septoria_leaf_spot:1].,Verified phytopathology collections / PlantSeg-family repositories with crop-disease-specific curation.,"PRIORITY: new independent source (all current images from 2 PlantSeg pools). Crop-disease-specific collection only (generic healthy images must NOT be relabeled as diseased); expert phytopathology label sign-off; lesion-visible QA; SHA-256 dedupe vs train/val/test + 178-image benchmark + V3 2,304-image test set; license check."
bean__mosaic_virus,14,47,5,5,5,0.0,0.0,0.0,57,2,plantseg:33; plantseg_v3_supplementary:24,0,47,103,150,P1,F1=0.00 with only 47 train + documented error pattern — priority acquisition. Confusions out: [soybean__mosaic:4; apple__mosaic_virus:1]; in: [soybean__mosaic:3; healthy:1; tomato__mosaic_virus:1].,Verified phytopathology collections / PlantSeg-family repositories with crop-disease-specific curation.,"PRIORITY: new independent source (all current images from 2 PlantSeg pools). Crop-disease-specific collection only (generic healthy images must NOT be relabeled as diseased); expert phytopathology label sign-off; lesion-visible QA; SHA-256 dedupe vs train/val/test + 178-image benchmark + V3 2,304-image test set; license check. Prefer authentic field/high-tunnel captures (lab-background bias suspected)."
cabbage__alternaria_leaf_spot,28,47,5,6,6,0.2,0.1667,0.1818,58,2,plantseg:36; plantseg_v3_supplementary:22,0,47,103,150,P1,F1=0.18 with only 47 train + documented error pattern — priority acquisition. Confusions out: [cauliflower__alternaria_leaf_spot:2; soybean__rust:1; broccoli__alternaria_leaf_spot:1]; in: [broccoli__alternaria_leaf_spot:1; broccoli__ring_spot:1; cauliflower__alternaria_leaf_spot:1].,Verified phytopathology collections / PlantSeg-family repositories with crop-disease-specific curation.,"PRIORITY: new independent source (all current images from 2 PlantSeg pools). Crop-disease-specific collection only (generic healthy images must NOT be relabeled as diseased); expert phytopathology label sign-off; lesion-visible QA; SHA-256 dedupe vs train/val/test + 178-image benchmark + V3 2,304-image test set; license check. Prefer authentic field/high-tunnel captures (lab-background bias suspected)."
broccoli__alternaria_leaf_spot,25,49,5,8,8,0.6667,0.5,0.5714,62,2,plantseg:53; plantseg_v3_supplementary:9,0,49,101,150,P1,F1=0.57 with only 49 train + documented error pattern — priority acquisition. Confusions out: [tomato__early_blight:2; grape__leaf_spot:1; cabbage__alternaria_leaf_spot:1]; in: [cabbage__alternaria_leaf_spot:1; cauliflower__alternaria_leaf_spot:1].,Verified phytopathology collections / PlantSeg-family repositories with crop-disease-specific curation.,"PRIORITY: new independent source (all current images from 2 PlantSeg pools). Crop-disease-specific collection only (generic healthy images must NOT be relabeled as diseased); expert phytopathology label sign-off; lesion-visible QA; SHA-256 dedupe vs train/val/test + 178-image benchmark + V3 2,304-image test set; license check. Prefer authentic field/high-tunnel captures (lab-background bias suspected)."
soybean__brown_spot,86,49,5,7,7,0.5,0.7143,0.5882,61,2,plantseg:47; plantseg_v3_supplementary:14,0,49,101,150,P1,F1=0.59 with only 49 train + documented error pattern — priority acquisition. Confusions out: [plum__bacterial_spot:1; soybean__bacterial_blight:1]; in: [bean__rust:1; potato__early_blight:1; soybean__frog_eye_leaf_spot:1].,Verified phytopathology collections / PlantSeg-family repositories with crop-disease-specific curation.,"PRIORITY: new independent source (all current images from 2 PlantSeg pools). Crop-disease-specific collection only (generic healthy images must NOT be relabeled as diseased); expert phytopathology label sign-off; lesion-visible QA; SHA-256 dedupe vs train/val/test + 178-image benchmark + V3 2,304-image test set; license check. Prefer authentic field/high-tunnel captures (lab-background bias suspected)."
tomato__mosaic_virus,102,50,6,7,7,1.0,0.1429,0.25,63,2,plantseg:43; plantseg_v3_supplementary:20,0,50,100,150,P1,F1=0.25 with only 50 train + documented error pattern — priority acquisition. Confusions out: [tomato__yellow_leaf_curl_virus:3; raspberry__leaf_spot:1; bean__mosaic_virus:1]; in: [none].,Verified phytopathology collections / PlantSeg-family repositories with crop-disease-specific curation.,"PRIORITY: new independent source (all current images from 2 PlantSeg pools). Crop-disease-specific collection only (generic healthy images must NOT be relabeled as diseased); expert phytopathology label sign-off; lesion-visible QA; SHA-256 dedupe vs train/val/test + 178-image benchmark + V3 2,304-image test set; license check. Prefer authentic field/high-tunnel captures (lab-background bias suspected)."
ginger__sheath_blight,59,52,6,8,8,0.4,0.25,0.3077,66,2,plantseg:57; plantseg_v3_supplementary:9,0,52,98,150,P1,F1=0.31 with only 52 train + documented error pattern — priority acquisition. Confusions out: [rice__sheath_blight:3; garlic__leaf_blight:2; wheat__stripe_rust:1]; in: [eggplant__phytophthora_blight:1; rice__sheath_blight:1; wheat__powdery_mildew:1].,Verified phytopathology collections / PlantSeg-family repositories with crop-disease-specific curation.,"PRIORITY: new independent source (all current images from 2 PlantSeg pools). Crop-disease-specific collection only (generic healthy images must NOT be relabeled as diseased); expert phytopathology label sign-off; lesion-visible QA; SHA-256 dedupe vs train/val/test + 178-image benchmark + V3 2,304-image test set; license check. Prefer authentic field/high-tunnel captures (lab-background bias suspected)."
zucchini__bacterial_wilt,113,53,6,9,9,0.3333,0.2222,0.2667,68,2,plantseg:56; plantseg_v3_supplementary:12,0,53,97,150,P1,F1=0.27 with only 53 train + documented error pattern — priority acquisition. Confusions out: [cucumber__bacterial_wilt:4; bean__mosaic_virus:1; celery__anthracnose:1]; in: [cucumber__bacterial_wilt:2; raspberry__fire_blight:1; tomato__yellow_leaf_curl_virus:1].,Verified phytopathology collections / PlantSeg-family repositories with crop-disease-specific curation.,"PRIORITY: new independent source (all current images from 2 PlantSeg pools). Crop-disease-specific collection only (generic healthy images must NOT be relabeled as diseased); expert phytopathology label sign-off; lesion-visible QA; SHA-256 dedupe vs train/val/test + 178-image benchmark + V3 2,304-image test set; license check. Prefer authentic field/high-tunnel captures (lab-background bias suspected)."
apple__black_rot,1,66,7,10,10,0.8,0.4,0.5333,83,2,plantseg:63; plantseg_v3_supplementary:20,0,66,84,150,P1,F1=0.53 with only 66 train + documented error pattern — priority acquisition. Confusions out: [apple__scab:2; peach__anthracnose:2; cherry__leaf_spot:1]; in: [apple__scab:1].,Verified phytopathology collections / PlantSeg-family repositories with crop-disease-specific curation.,"PRIORITY: new independent source (all current images from 2 PlantSeg pools). Crop-disease-specific collection only (generic healthy images must NOT be relabeled as diseased); expert phytopathology label sign-off; lesion-visible QA; SHA-256 dedupe vs train/val/test + 178-image benchmark + V3 2,304-image test set; license check. Prefer authentic field/high-tunnel captures (lab-background bias suspected)."
grape__leaf_spot,63,70,8,10,10,0.6667,0.4,0.5,88,2,plantseg:66; plantseg_v3_supplementary:22,0,70,80,150,P1,F1=0.50 with only 70 train + documented error pattern — priority acquisition. Confusions out: [grape__downy_mildew:1; grape__grapevine_leafroll_disease:1; tomato__early_blight:1]; in: [broccoli__alternaria_leaf_spot:1; grape__downy_mildew:1].,Verified phytopathology collections / PlantSeg-family repositories with crop-disease-specific curation.,"PRIORITY: new independent source (all current images from 2 PlantSeg pools). Crop-disease-specific collection only (generic healthy images must NOT be relabeled as diseased); expert phytopathology label sign-off; lesion-visible QA; SHA-256 dedupe vs train/val/test + 178-image benchmark + V3 2,304-image test set; license check. Prefer authentic field/high-tunnel captures (lab-background bias suspected)."
soybean__bacterial_blight,85,70,8,9,9,0.625,0.5556,0.5882,87,2,plantseg:60; plantseg_v3_supplementary:27,0,70,80,150,P1,F1=0.59 with only 70 train + documented error pattern — priority acquisition. Confusions out: [soybean__frog_eye_leaf_spot:2; soybean__rust:1; bean__rust:1]; in: [bean__rust:1; soybean__brown_spot:1; soybean__rust:1].,Verified phytopathology collections / PlantSeg-family repositories with crop-disease-specific curation.,"PRIORITY: new independent source (all current images from 2 PlantSeg pools). Crop-disease-specific collection only (generic healthy images must NOT be relabeled as diseased); expert phytopathology label sign-off; lesion-visible QA; SHA-256 dedupe vs train/val/test + 178-image benchmark + V3 2,304-image test set; license check. Prefer authentic field/high-tunnel captures (lab-background bias suspected)."
tomato__bacterial_leaf_spot,98,85,9,13,13,0.5385,0.5385,0.5385,107,2,plantseg:88; plantseg_v3_supplementary:19,0,85,65,150,P1,F1=0.54 with only 85 train + documented error pattern — priority acquisition. Confusions out: [tomato__septoria_leaf_spot:4; soybean__rust:1; soybean__brown_spot:1]; in: [tomato__septoria_leaf_spot:4; healthy:1; banana__anthracnose:1].,Verified phytopathology collections / PlantSeg-family repositories with crop-disease-specific curation.,"PRIORITY: new independent source (all current images from 2 PlantSeg pools). Crop-disease-specific collection only (generic healthy images must NOT be relabeled as diseased); expert phytopathology label sign-off; lesion-visible QA; SHA-256 dedupe vs train/val/test + 178-image benchmark + V3 2,304-image test set; license check. Prefer authentic field/high-tunnel captures (lab-background bias suspected)."
soybean__mosaic,89,92,10,13,13,0.4667,0.5385,0.5,115,2,plantseg:88; plantseg_v3_supplementary:27,0,92,58,150,P1,F1=0.50 with only 92 train + documented error pattern — priority acquisition. Confusions out: [bean__mosaic_virus:3; soybean__downy_mildew:1; soybean__brown_spot:1]; in: [bean__mosaic_virus:4; apple__mosaic_virus:1; bean__halo_blight:1].,Verified phytopathology collections / PlantSeg-family repositories with crop-disease-specific curation.,"PRIORITY: new independent source (all current images from 2 PlantSeg pools). Crop-disease-specific collection only (generic healthy images must NOT be relabeled as diseased); expert phytopathology label sign-off; lesion-visible QA; SHA-256 dedupe vs train/val/test + 178-image benchmark + V3 2,304-image test set; license check. Prefer authentic field/high-tunnel captures (lab-background bias suspected)."
squash__powdery_mildew,91,139,15,20,20,0.4211,0.4,0.4103,174,2,plantseg:137; plantseg_v3_supplementary:37,0,139,50,189,P1,F1=0.41 despite 139 train — confusion-driven (see error pairs); targeted diverse images. Confusions out: [zucchini__powdery_mildew:8; cucumber__powdery_mildew:3; grape__downy_mildew:1]; in: [cucumber__powdery_mildew:4; zucchini__powdery_mildew:4; cherry__powdery_mildew:1].,Verified phytopathology collections / PlantSeg-family repositories with crop-disease-specific curation.,"PRIORITY: new independent source (all current images from 2 PlantSeg pools). Crop-disease-specific collection only (generic healthy images must NOT be relabeled as diseased); expert phytopathology label sign-off; lesion-visible QA; SHA-256 dedupe vs train/val/test + 178-image benchmark + V3 2,304-image test set; license check. Prefer authentic field/high-tunnel captures (lab-background bias suspected)."
zucchini__powdery_mildew,115,164,18,18,18,0.45,0.5,0.4737,200,2,plantseg:124; plantseg_v3_supplementary:76,0,164,50,214,P1,F1=0.47 despite 164 train — confusion-driven (see error pairs); targeted diverse images. Confusions out: [cucumber__powdery_mildew:4; squash__powdery_mildew:4; tomato__early_blight:1]; in: [squash__powdery_mildew:8; cucumber__powdery_mildew:2; zucchini__yellow_mosaic_virus:1].,Cucurbit powdery-mildew sets disambiguated vs cucumber/squash (top confusions); LOCAL pool exhausted (420 dups).,"PRIORITY: new independent source (all current images from 2 PlantSeg pools). Crop-disease-specific collection only (generic healthy images must NOT be relabeled as diseased); expert phytopathology label sign-off; lesion-visible QA; SHA-256 dedupe vs train/val/test + 178-image benchmark + V3 2,304-image test set; license check. Prefer authentic field/high-tunnel captures (lab-background bias suspected)."
tomato__septoria_leaf_spot,103,233,26,14,14,0.4,0.4286,0.4138,273,3,external_field_pool:150; plantseg:92; plantseg_v3_supplementary:31,150,98,50,283,P1,F1=0.41 despite 233 train — confusion-driven (see error pairs); targeted diverse images. Confusions out: [tomato__bacterial_leaf_spot:4; tomato__early_blight:2; cauliflower__alternaria_leaf_spot:1]; in: [tomato__bacterial_leaf_spot:4; cabbage__downy_mildew:1; cauliflower__alternaria_leaf_spot:1].,Field collections of septoria vs bacterial-spot-distinct tomato foliage; pair with tomato__bacterial_leaf_spot disambiguation set.,"Crop-disease-specific collection only (generic healthy images must NOT be relabeled as diseased); expert phytopathology label sign-off; lesion-visible QA; SHA-256 dedupe vs train/val/test + 178-image benchmark + V3 2,304-image test set; license check."
soybean__rust,90,455,51,9,9,0.4286,0.3333,0.375,515,2,anand_soybean_rust_hf:450; plantseg:65,0,455,50,505,P1,F1=0.38 despite 455 train — confusion-driven (see error pairs); targeted diverse images. Confusions out: [bean__rust:5; soybean__bacterial_blight:1]; in: [bean__rust:1; cabbage__alternaria_leaf_spot:1; soybean__bacterial_blight:1].,Verified phytopathology collections / PlantSeg-family repositories with crop-disease-specific curation.,"PRIORITY: new independent source (all current images from 2 PlantSeg pools). Crop-disease-specific collection only (generic healthy images must NOT be relabeled as diseased); expert phytopathology label sign-off; lesion-visible QA; SHA-256 dedupe vs train/val/test + 178-image benchmark + V3 2,304-image test set; license check. Prefer authentic field/high-tunnel captures (lab-background bias suspected)."
bell_pepper__powdery_mildew,19,22,2,2,2,1.0,1.0,1.0,26,2,plantseg:18; plantseg_v3_supplementary:8,0,22,78,100,P2,"22 train, F1=1.00; reach >=100 verified before trusting class.",Verified phytopathology collections / PlantSeg-family repositories with crop-disease-specific curation.,"PRIORITY: new independent source (all current images from 2 PlantSeg pools). Crop-disease-specific collection only (generic healthy images must NOT be relabeled as diseased); expert phytopathology label sign-off; lesion-visible QA; SHA-256 dedupe vs train/val/test + 178-image benchmark + V3 2,304-image test set; license check."
raspberry__fire_blight,79,24,3,4,4,0.75,0.75,0.75,31,2,plantseg:23; plantseg_v3_supplementary:8,0,24,76,100,P2,"24 train, F1=0.75; reach >=100 verified before trusting class. Confusions out: [zucchini__bacterial_wilt:1]; in: [healthy:1].",Verified phytopathology collections / PlantSeg-family repositories with crop-disease-specific curation.,"PRIORITY: new independent source (all current images from 2 PlantSeg pools). Crop-disease-specific collection only (generic healthy images must NOT be relabeled as diseased); expert phytopathology label sign-off; lesion-visible QA; SHA-256 dedupe vs train/val/test + 178-image benchmark + V3 2,304-image test set; license check."
plum__pox_virus,75,25,3,4,4,1.0,0.75,0.8571,32,2,plantseg:22; plantseg_v3_supplementary:10,0,25,75,100,P2,"25 train, F1=0.86; reach >=100 verified before trusting class. Confusions out: [apple__scab:1]; in: [none].",Verified phytopathology collections / PlantSeg-family repositories with crop-disease-specific curation.,"PRIORITY: new independent source (all current images from 2 PlantSeg pools). Crop-disease-specific collection only (generic healthy images must NOT be relabeled as diseased); expert phytopathology label sign-off; lesion-visible QA; SHA-256 dedupe vs train/val/test + 178-image benchmark + V3 2,304-image test set; license check."
cauliflower__bacterial_soft_rot,35,27,3,2,2,1.0,0.5,0.6667,32,2,plantseg:18; plantseg_v3_supplementary:14,0,27,73,100,P2,"27 train, F1=0.67; reach >=100 verified before trusting class. Confusions out: [cabbage__downy_mildew:1]; in: [none].",Verified phytopathology collections / PlantSeg-family repositories with crop-disease-specific curation.,"PRIORITY: new independent source (all current images from 2 PlantSeg pools). Crop-disease-specific collection only (generic healthy images must NOT be relabeled as diseased); expert phytopathology label sign-off; lesion-visible QA; SHA-256 dedupe vs train/val/test + 178-image benchmark + V3 2,304-image test set; license check."
blueberry__botrytis_blight,21,29,3,3,3,1.0,1.0,1.0,35,2,plantseg:19; plantseg_v3_supplementary:16,0,29,71,100,P2,"29 train, F1=1.00; reach >=100 verified before trusting class.",Verified phytopathology collections / PlantSeg-family repositories with crop-disease-specific curation.,"PRIORITY: new independent source (all current images from 2 PlantSeg pools). Crop-disease-specific collection only (generic healthy images must NOT be relabeled as diseased); expert phytopathology label sign-off; lesion-visible QA; SHA-256 dedupe vs train/val/test + 178-image benchmark + V3 2,304-image test set; license check."
raspberry__yellow_rust,82,29,3,4,4,1.0,0.75,0.8571,36,2,plantseg:22; plantseg_v3_supplementary:14,0,29,71,100,P2,"29 train, F1=0.86; reach >=100 verified before trusting class. Confusions out: [apple__rust:1]; in: [none].",Verified phytopathology collections / PlantSeg-family repositories with crop-disease-specific curation.,"PRIORITY: new independent source (all current images from 2 PlantSeg pools). Crop-disease-specific collection only (generic healthy images must NOT be relabeled as diseased); expert phytopathology label sign-off; lesion-visible QA; SHA-256 dedupe vs train/val/test + 178-image benchmark + V3 2,304-image test set; license check."
blueberry__anthracnose,20,32,4,4,4,0.6667,1.0,0.8,40,2,plantseg:26; plantseg_v3_supplementary:14,0,32,68,100,P2,"32 train, F1=0.80; reach >=100 verified before trusting class. Confusions out: [none]; in: [blueberry__rust:2].",Verified phytopathology collections / PlantSeg-family repositories with crop-disease-specific curation.,"PRIORITY: new independent source (all current images from 2 PlantSeg pools). Crop-disease-specific collection only (generic healthy images must NOT be relabeled as diseased); expert phytopathology label sign-off; lesion-visible QA; SHA-256 dedupe vs train/val/test + 178-image benchmark + V3 2,304-image test set; license check."
raspberry__gray_mold,80,32,4,2,2,1.0,1.0,1.0,38,2,plantseg_v3_supplementary:21; plantseg:17,0,32,68,100,P2,"32 train, F1=1.00; reach >=100 verified before trusting class.",Verified phytopathology collections / PlantSeg-family repositories with crop-disease-specific curation.,"PRIORITY: new independent source (all current images from 2 PlantSeg pools). Crop-disease-specific collection only (generic healthy images must NOT be relabeled as diseased); expert phytopathology label sign-off; lesion-visible QA; SHA-256 dedupe vs train/val/test + 178-image benchmark + V3 2,304-image test set; license check."
strawberry__leaf_scorch,93,32,4,3,3,0.75,1.0,0.8571,39,2,plantseg_v3_supplementary:20; plantseg:19,0,32,68,100,P2,"32 train, F1=0.86; reach >=100 verified before trusting class. Confusions out: [none]; in: [strawberry__anthracnose:1].",Verified phytopathology collections / PlantSeg-family repositories with crop-disease-specific curation.,"PRIORITY: new independent source (all current images from 2 PlantSeg pools). Crop-disease-specific collection only (generic healthy images must NOT be relabeled as diseased); expert phytopathology label sign-off; lesion-visible QA; SHA-256 dedupe vs train/val/test + 178-image benchmark + V3 2,304-image test set; license check."
tobacco__mosaic_virus,97,32,4,5,5,0.75,0.6,0.6667,41,2,plantseg:29; plantseg_v3_supplementary:12,0,32,68,100,P2,"32 train, F1=0.67; reach >=100 verified before trusting class. Confusions out: [cabbage__downy_mildew:2]; in: [soybean__mosaic:1].",Verified phytopathology collections / PlantSeg-family repositories with crop-disease-specific curation.,"PRIORITY: new independent source (all current images from 2 PlantSeg pools). Crop-disease-specific collection only (generic healthy images must NOT be relabeled as diseased); expert phytopathology label sign-off; lesion-visible QA; SHA-256 dedupe vs train/val/test + 178-image benchmark + V3 2,304-image test set; license check."
blueberry__scorch,24,33,4,5,5,0.8,0.8,0.8,42,2,plantseg:32; plantseg_v3_supplementary:10,0,33,67,100,P2,"33 train, F1=0.80; reach >=100 verified before trusting class. Confusions out: [soybean__mosaic:1]; in: [cherry__leaf_spot:1].",Verified phytopathology collections / PlantSeg-family repositories with crop-disease-specific curation.,"PRIORITY: new independent source (all current images from 2 PlantSeg pools). Crop-disease-specific collection only (generic healthy images must NOT be relabeled as diseased); expert phytopathology label sign-off; lesion-visible QA; SHA-256 dedupe vs train/val/test + 178-image benchmark + V3 2,304-image test set; license check."
eggplant__phomopsis_fruit_rot,54,36,4,5,5,1.0,0.8,0.8889,45,2,plantseg:32; plantseg_v3_supplementary:13,0,36,64,100,P2,"36 train, F1=0.89; reach >=100 verified before trusting class. Confusions out: [eggplant__cercospora_leaf_spot:1]; in: [none].",Verified phytopathology collections / PlantSeg-family repositories with crop-disease-specific curation.,"PRIORITY: new independent source (all current images from 2 PlantSeg pools). Crop-disease-specific collection only (generic healthy images must NOT be relabeled as diseased); expert phytopathology label sign-off; lesion-visible QA; SHA-256 dedupe vs train/val/test + 178-image benchmark + V3 2,304-image test set; license check."
blueberry__mummy_berry,22,38,4,4,4,1.0,0.75,0.8571,46,2,plantseg:28; plantseg_v3_supplementary:18,0,38,62,100,P2,"38 train, F1=0.86; reach >=100 verified before trusting class. Confusions out: [apple__scab:1]; in: [none].",Verified phytopathology collections / PlantSeg-family repositories with crop-disease-specific curation.,"PRIORITY: new independent source (all current images from 2 PlantSeg pools). Crop-disease-specific collection only (generic healthy images must NOT be relabeled as diseased); expert phytopathology label sign-off; lesion-visible QA; SHA-256 dedupe vs train/val/test + 178-image benchmark + V3 2,304-image test set; license check."
banana__cordana_leaf_spot,9,42,5,4,4,0.6,0.75,0.6667,51,2,plantseg:28; plantseg_v3_supplementary:23,0,42,108,150,P2,F1=0.67 with 42 train; moderate acquisition + re-evaluate. Confusions out: [banana__cigar_end_rot:1]; in: [banana__bunchy_top:1; rice__blast:1].,Verified phytopathology collections / PlantSeg-family repositories with crop-disease-specific curation.,"PRIORITY: new independent source (all current images from 2 PlantSeg pools). Crop-disease-specific collection only (generic healthy images must NOT be relabeled as diseased); expert phytopathology label sign-off; lesion-visible QA; SHA-256 dedupe vs train/val/test + 178-image benchmark + V3 2,304-image test set; license check. Prefer authentic field/high-tunnel captures (lab-background bias suspected)."
tobacco__blue_mold,94,45,5,5,5,0.6667,0.8,0.7273,55,2,plantseg:34; plantseg_v3_supplementary:21,0,45,105,150,P2,F1=0.73 with 45 train; moderate acquisition + re-evaluate. Confusions out: [tobacco__brown_spot:1]; in: [tobacco__frogeye_leaf_spot:1; zucchini__downy_mildew:1].,Verified phytopathology collections / PlantSeg-family repositories with crop-disease-specific curation.,"PRIORITY: new independent source (all current images from 2 PlantSeg pools). Crop-disease-specific collection only (generic healthy images must NOT be relabeled as diseased); expert phytopathology label sign-off; lesion-visible QA; SHA-256 dedupe vs train/val/test + 178-image benchmark + V3 2,304-image test set; license check. Prefer authentic field/high-tunnel captures (lab-background bias suspected)."
banana__cigar_end_rot,8,47,5,4,4,0.5,0.75,0.6,56,2,plantseg:31; plantseg_v3_supplementary:25,0,47,103,150,P2,F1=0.60 with 47 train; moderate acquisition + re-evaluate. Confusions out: [banana__anthracnose:1]; in: [banana__anthracnose:1; banana__cordana_leaf_spot:1; carrot__alternaria_leaf_blight:1].,Verified phytopathology collections / PlantSeg-family repositories with crop-disease-specific curation.,"PRIORITY: new independent source (all current images from 2 PlantSeg pools). Crop-disease-specific collection only (generic healthy images must NOT be relabeled as diseased); expert phytopathology label sign-off; lesion-visible QA; SHA-256 dedupe vs train/val/test + 178-image benchmark + V3 2,304-image test set; license check. Prefer authentic field/high-tunnel captures (lab-background bias suspected)."
eggplant__cercospora_leaf_spot,53,47,5,6,6,0.8,0.6667,0.7273,58,2,plantseg:36; plantseg_v3_supplementary:22,0,47,103,150,P2,F1=0.73 with 47 train; moderate acquisition + re-evaluate. Confusions out: [soybean__frog_eye_leaf_spot:1; tomato__septoria_leaf_spot:1]; in: [eggplant__phomopsis_fruit_rot:1].,Verified phytopathology collections / PlantSeg-family repositories with crop-disease-specific curation.,"PRIORITY: new independent source (all current images from 2 PlantSeg pools). Crop-disease-specific collection only (generic healthy images must NOT be relabeled as diseased); expert phytopathology label sign-off; lesion-visible QA; SHA-256 dedupe vs train/val/test + 178-image benchmark + V3 2,304-image test set; license check. Prefer authentic field/high-tunnel captures (lab-background bias suspected)."
plum__pocket_disease,74,48,5,4,4,1.0,0.5,0.6667,57,2,plantseg_v3_supplementary:29; plantseg:28,0,48,102,150,P2,F1=0.67 with 48 train; moderate acquisition + re-evaluate. Confusions out: [plum__brown_rot:1; peach__leaf_curl:1]; in: [none].,Verified phytopathology collections / PlantSeg-family repositories with crop-disease-specific curation.,"PRIORITY: new independent source (all current images from 2 PlantSeg pools). Crop-disease-specific collection only (generic healthy images must NOT be relabeled as diseased); expert phytopathology label sign-off; lesion-visible QA; SHA-256 dedupe vs train/val/test + 178-image benchmark + V3 2,304-image test set; license check. Prefer authentic field/high-tunnel captures (lab-background bias suspected)."
tobacco__brown_spot,95,49,6,7,7,0.7143,0.7143,0.7143,62,2,plantseg:46; plantseg_v3_supplementary:16,0,49,101,150,P2,F1=0.71 with 49 train; moderate acquisition + re-evaluate. Confusions out: [cabbage__alternaria_leaf_spot:1; tobacco__frogeye_leaf_spot:1]; in: [tobacco__blue_mold:1; tobacco__frogeye_leaf_spot:1].,Verified phytopathology collections / PlantSeg-family repositories with crop-disease-specific curation.,"PRIORITY: new independent source (all current images from 2 PlantSeg pools). Crop-disease-specific collection only (generic healthy images must NOT be relabeled as diseased); expert phytopathology label sign-off; lesion-visible QA; SHA-256 dedupe vs train/val/test + 178-image benchmark + V3 2,304-image test set; license check. Prefer authentic field/high-tunnel captures (lab-background bias suspected)."
rice__sheath_blight,84,58,6,8,8,0.5455,0.75,0.6316,72,2,plantseg:52; plantseg_v3_supplementary:20,0,58,92,150,P2,F1=0.63 with 58 train; moderate acquisition + re-evaluate. Confusions out: [rice__blast:1; ginger__sheath_blight:1]; in: [ginger__sheath_blight:3; celery__early_blight:1; wheat__stem_rust:1].,Verified phytopathology collections / PlantSeg-family repositories with crop-disease-specific curation.,"PRIORITY: new independent source (all current images from 2 PlantSeg pools). Crop-disease-specific collection only (generic healthy images must NOT be relabeled as diseased); expert phytopathology label sign-off; lesion-visible QA; SHA-256 dedupe vs train/val/test + 178-image benchmark + V3 2,304-image test set; license check. Prefer authentic field/high-tunnel captures (lab-background bias suspected)."
cabbage__downy_mildew,30,68,8,8,8,0.5385,0.875,0.6667,84,2,plantseg:49; plantseg_v3_supplementary:35,0,68,82,150,P2,F1=0.67 with 68 train; moderate acquisition + re-evaluate. Confusions out: [tomato__septoria_leaf_spot:1]; in: [tobacco__mosaic_virus:2; broccoli__downy_mildew:1; cauliflower__bacterial_soft_rot:1].,Verified phytopathology collections / PlantSeg-family repositories with crop-disease-specific curation.,"PRIORITY: new independent source (all current images from 2 PlantSeg pools). Crop-disease-specific collection only (generic healthy images must NOT be relabeled as diseased); expert phytopathology label sign-off; lesion-visible QA; SHA-256 dedupe vs train/val/test + 178-image benchmark + V3 2,304-image test set; license check. Prefer authentic field/high-tunnel captures (lab-background bias suspected)."
rice__blast,83,68,8,7,7,0.7143,0.7143,0.7143,83,2,plantseg:50; plantseg_v3_supplementary:33,0,68,82,150,P2,F1=0.71 with 68 train; moderate acquisition + re-evaluate. Confusions out: [banana__cordana_leaf_spot:1; wheat__bacterial_leaf_streak_(black_chaff):1]; in: [rice__sheath_blight:1; wheat__powdery_mildew:1].,Verified phytopathology collections / PlantSeg-family repositories with crop-disease-specific curation.,"PRIORITY: new independent source (all current images from 2 PlantSeg pools). Crop-disease-specific collection only (generic healthy images must NOT be relabeled as diseased); expert phytopathology label sign-off; lesion-visible QA; SHA-256 dedupe vs train/val/test + 178-image benchmark + V3 2,304-image test set; license check. Prefer authentic field/high-tunnel captures (lab-background bias suspected)."
garlic__leaf_blight,56,72,8,12,12,0.5882,0.8333,0.6897,92,2,plantseg:79; plantseg_v3_supplementary:13,0,72,78,150,P2,F1=0.69 with 72 train; moderate acquisition + re-evaluate. Confusions out: [wheat__septoria_blotch:2]; in: [garlic__rust:2; ginger__sheath_blight:2; wheat__powdery_mildew:2].,Verified phytopathology collections / PlantSeg-family repositories with crop-disease-specific curation.,"PRIORITY: new independent source (all current images from 2 PlantSeg pools). Crop-disease-specific collection only (generic healthy images must NOT be relabeled as diseased); expert phytopathology label sign-off; lesion-visible QA; SHA-256 dedupe vs train/val/test + 178-image benchmark + V3 2,304-image test set; license check. Prefer authentic field/high-tunnel captures (lab-background bias suspected)."
tomato__yellow_leaf_curl_virus,104,72,8,9,9,0.5455,0.6667,0.6,89,2,plantseg:59; plantseg_v3_supplementary:30,0,72,78,150,P2,F1=0.60 with 72 train; moderate acquisition + re-evaluate. Confusions out: [lettuce__mosaic_virus:1; zucchini__bacterial_wilt:1; soybean__mosaic:1]; in: [tomato__mosaic_virus:3; tomato__late_blight:1; zucchini__bacterial_wilt:1].,Verified phytopathology collections / PlantSeg-family repositories with crop-disease-specific curation.,"PRIORITY: new independent source (all current images from 2 PlantSeg pools). Crop-disease-specific collection only (generic healthy images must NOT be relabeled as diseased); expert phytopathology label sign-off; lesion-visible QA; SHA-256 dedupe vs train/val/test + 178-image benchmark + V3 2,304-image test set; license check. Prefer authentic field/high-tunnel captures (lab-background bias suspected)."
cherry__leaf_spot,38,86,10,10,10,0.7778,0.7,0.7368,106,2,plantseg:66; plantseg_v3_supplementary:40,0,86,64,150,P2,F1=0.74 with 86 train; moderate acquisition + re-evaluate. Confusions out: [blueberry__scorch:1; banana__black_leaf_streak:1; coffee__berry_blotch:1]; in: [apple__black_rot:1; apple__scab:1].,Verified phytopathology collections / PlantSeg-family repositories with crop-disease-specific curation.,"PRIORITY: new independent source (all current images from 2 PlantSeg pools). Crop-disease-specific collection only (generic healthy images must NOT be relabeled as diseased); expert phytopathology label sign-off; lesion-visible QA; SHA-256 dedupe vs train/val/test + 178-image benchmark + V3 2,304-image test set; license check. Prefer authentic field/high-tunnel captures (lab-background bias suspected)."
wheat__bacterial_leaf_streak_(black_chaff),105,92,10,13,13,0.7778,0.5385,0.6364,115,2,plantseg:82; plantseg_v3_supplementary:33,0,92,58,150,P2,F1=0.64 with 92 train; moderate acquisition + re-evaluate. Confusions out: [wheat__septoria_blotch:3; wheat__powdery_mildew:1; wheat__head_scab:1]; in: [rice__blast:1; wheat__septoria_blotch:1].,Verified phytopathology collections / PlantSeg-family repositories with crop-disease-specific curation.,"PRIORITY: new independent source (all current images from 2 PlantSeg pools). Crop-disease-specific collection only (generic healthy images must NOT be relabeled as diseased); expert phytopathology label sign-off; lesion-visible QA; SHA-256 dedupe vs train/val/test + 178-image benchmark + V3 2,304-image test set; license check. Prefer authentic field/high-tunnel captures (lab-background bias suspected)."
potato__early_blight,77,103,11,10,10,0.7,0.7,0.7,124,2,plantseg:66; plantseg_v3_supplementary:58,0,103,30,133,P2,F1=0.70 below bar with 103 train; targeted acquisition of confusing counterpart. Confusions out: [soybean__brown_spot:1; tomato__early_blight:1; bean__rust:1]; in: [bell_pepper__frogeye_leaf_spot:1; tomato__early_blight:1; tomato__septoria_leaf_spot:1].,Verified phytopathology collections / PlantSeg-family repositories with crop-disease-specific curation.,"PRIORITY: new independent source (all current images from 2 PlantSeg pools). Crop-disease-specific collection only (generic healthy images must NOT be relabeled as diseased); expert phytopathology label sign-off; lesion-visible QA; SHA-256 dedupe vs train/val/test + 178-image benchmark + V3 2,304-image test set; license check. Prefer authentic field/high-tunnel captures (lab-background bias suspected)."
wheat__leaf_rust,107,105,12,11,11,0.5333,0.7273,0.6154,128,2,plantseg:73; plantseg_v3_supplementary:55,0,105,30,135,P2,F1=0.62 below bar with 105 train; targeted acquisition of confusing counterpart. Confusions out: [wheat__stripe_rust:2; garlic__rust:1]; in: [corn__rust:3; wheat__stripe_rust:2; wheat__septoria_blotch:1].,Verified phytopathology collections / PlantSeg-family repositories with crop-disease-specific curation.,"PRIORITY: new independent source (all current images from 2 PlantSeg pools). Crop-disease-specific collection only (generic healthy images must NOT be relabeled as diseased); expert phytopathology label sign-off; lesion-visible QA; SHA-256 dedupe vs train/val/test + 178-image benchmark + V3 2,304-image test set; license check. Prefer authentic field/high-tunnel captures (lab-background bias suspected)."
apple__scab,4,208,23,25,25,0.6667,0.8,0.7273,256,2,plantseg:166; plantseg_v3_supplementary:90,0,208,30,238,P2,F1=0.73 below bar with 208 train; targeted acquisition of confusing counterpart. Confusions out: [citrus__canker:1; apple__black_rot:1; cherry__leaf_spot:1]; in: [apple__black_rot:2; apple__rust:2; blueberry__mummy_berry:1].,Verified phytopathology collections / PlantSeg-family repositories with crop-disease-specific curation.,"PRIORITY: new independent source (all current images from 2 PlantSeg pools). Crop-disease-specific collection only (generic healthy images must NOT be relabeled as diseased); expert phytopathology label sign-off; lesion-visible QA; SHA-256 dedupe vs train/val/test + 178-image benchmark + V3 2,304-image test set; license check. Prefer authentic field/high-tunnel captures (lab-background bias suspected)."
tomato__late_blight,100,254,29,17,17,0.6667,0.5882,0.625,300,3,external_field_pool:137; plantseg:117; plantseg_v3_supplementary:46,137,131,30,284,P2,F1=0.62 below bar with 254 train; targeted acquisition of confusing counterpart. Confusions out: [tomato__leaf_mold:1; plum__brown_rot:1; tomato__yellow_leaf_curl_virus:1]; in: [healthy:1; bell_pepper__bacterial_spot:1; eggplant__phytophthora_blight:1].,Late-blight field progression imagery (V4 already +137 field; needs early-stage).,"Crop-disease-specific collection only (generic healthy images must NOT be relabeled as diseased); expert phytopathology label sign-off; lesion-visible QA; SHA-256 dedupe vs train/val/test + 178-image benchmark + V3 2,304-image test set; license check."
cucumber__powdery_mildew,52,283,31,22,22,0.6667,0.7273,0.6957,336,3,plantseg:151; external_field_pool:150; plantseg_v3_supplementary:35,150,148,30,313,P2,F1=0.70 below bar with 283 train; targeted acquisition of confusing counterpart. Confusions out: [squash__powdery_mildew:4; zucchini__powdery_mildew:2]; in: [zucchini__powdery_mildew:4; squash__powdery_mildew:3; tomato__leaf_mold:1].,Verified phytopathology collections / PlantSeg-family repositories with crop-disease-specific curation.,"Crop-disease-specific collection only (generic healthy images must NOT be relabeled as diseased); expert phytopathology label sign-off; lesion-visible QA; SHA-256 dedupe vs train/val/test + 178-image benchmark + V3 2,304-image test set; license check."
bean__halo_blight,13,45,5,6,6,1.0,0.6667,0.8,56,2,plantseg:35; plantseg_v3_supplementary:21,0,45,0,45,P3,F1=0.80 adequate for 45 train; monitor. Confusions out: [citrus__greening_disease:1; soybean__mosaic:1]; in: [none].,Verified phytopathology collections / PlantSeg-family repositories with crop-disease-specific curation.,"PRIORITY: new independent source (all current images from 2 PlantSeg pools). Crop-disease-specific collection only (generic healthy images must NOT be relabeled as diseased); expert phytopathology label sign-off; lesion-visible QA; SHA-256 dedupe vs train/val/test + 178-image benchmark + V3 2,304-image test set; license check. Prefer authentic field/high-tunnel captures (lab-background bias suspected)."
carrot__alternaria_leaf_blight,31,47,5,7,7,0.8571,0.8571,0.8571,59,2,plantseg:45; plantseg_v3_supplementary:14,0,47,0,47,P3,F1=0.86 adequate for 47 train; monitor. Confusions out: [banana__cigar_end_rot:1]; in: [carrot__cercospora_leaf_blight:1].,Verified phytopathology collections / PlantSeg-family repositories with crop-disease-specific curation.,"PRIORITY: new independent source (all current images from 2 PlantSeg pools). Crop-disease-specific collection only (generic healthy images must NOT be relabeled as diseased); expert phytopathology label sign-off; lesion-visible QA; SHA-256 dedupe vs train/val/test + 178-image benchmark + V3 2,304-image test set; license check. Prefer authentic field/high-tunnel captures (lab-background bias suspected)."
strawberry__anthracnose,92,48,5,5,5,1.0,0.8,0.8889,58,2,plantseg:30; plantseg_v3_supplementary:28,0,48,0,48,P3,F1=0.89 adequate for 48 train; monitor. Confusions out: [strawberry__leaf_scorch:1]; in: [none].,Verified phytopathology collections / PlantSeg-family repositories with crop-disease-specific curation.,"PRIORITY: new independent source (all current images from 2 PlantSeg pools). Crop-disease-specific collection only (generic healthy images must NOT be relabeled as diseased); expert phytopathology label sign-off; lesion-visible QA; SHA-256 dedupe vs train/val/test + 178-image benchmark + V3 2,304-image test set; license check. Prefer authentic field/high-tunnel captures (lab-background bias suspected)."
banana__panama_disease,10,49,6,8,8,0.8571,0.75,0.8,63,2,plantseg:49; plantseg_v3_supplementary:14,0,49,0,49,P3,F1=0.80 adequate for 49 train; monitor. Confusions out: [banana__bunchy_top:1; banana__black_leaf_streak:1]; in: [banana__black_leaf_streak:1].,Verified phytopathology collections / PlantSeg-family repositories with crop-disease-specific curation.,"PRIORITY: new independent source (all current images from 2 PlantSeg pools). Crop-disease-specific collection only (generic healthy images must NOT be relabeled as diseased); expert phytopathology label sign-off; lesion-visible QA; SHA-256 dedupe vs train/val/test + 178-image benchmark + V3 2,304-image test set; license check. Prefer authentic field/high-tunnel captures (lab-background bias suspected)."
basil__downy_mildew,11,51,6,6,6,0.8571,1.0,0.9231,63,2,plantseg:41; plantseg_v3_supplementary:22,0,51,0,51,P3,F1=0.92 adequate for 51 train; monitor. Confusions out: [none]; in: [healthy:1].,Verified phytopathology collections / PlantSeg-family repositories with crop-disease-specific curation.,"PRIORITY: new independent source (all current images from 2 PlantSeg pools). Crop-disease-specific collection only (generic healthy images must NOT be relabeled as diseased); expert phytopathology label sign-off; lesion-visible QA; SHA-256 dedupe vs train/val/test + 178-image benchmark + V3 2,304-image test set; license check. Prefer authentic field/high-tunnel captures (lab-background bias suspected)."
bell_pepper__bacterial_spot,16,55,6,7,7,1.0,0.7143,0.8333,68,2,plantseg:47; plantseg_v3_supplementary:21,0,55,0,55,P3,F1=0.83 adequate for 55 train; monitor. Confusions out: [bell_pepper__blossom_end_rot:1; tomato__late_blight:1]; in: [none].,Verified phytopathology collections / PlantSeg-family repositories with crop-disease-specific curation.,"PRIORITY: new independent source (all current images from 2 PlantSeg pools). Crop-disease-specific collection only (generic healthy images must NOT be relabeled as diseased); expert phytopathology label sign-off; lesion-visible QA; SHA-256 dedupe vs train/val/test + 178-image benchmark + V3 2,304-image test set; license check. Prefer authentic field/high-tunnel captures (lab-background bias suspected)."
banana__anthracnose,5,56,6,7,7,0.8333,0.7143,0.7692,69,2,plantseg:48; plantseg_v3_supplementary:21,0,56,0,56,P3,F1=0.77 adequate for 56 train; monitor. Confusions out: [banana__cigar_end_rot:1; tomato__bacterial_leaf_spot:1]; in: [banana__cigar_end_rot:1].,Verified phytopathology collections / PlantSeg-family repositories with crop-disease-specific curation.,"PRIORITY: new independent source (all current images from 2 PlantSeg pools). Crop-disease-specific collection only (generic healthy images must NOT be relabeled as diseased); expert phytopathology label sign-off; lesion-visible QA; SHA-256 dedupe vs train/val/test + 178-image benchmark + V3 2,304-image test set; license check. Prefer authentic field/high-tunnel captures (lab-background bias suspected)."
carrot__cavity_spot,32,59,6,7,7,1.0,1.0,1.0,72,2,plantseg:42; plantseg_v3_supplementary:30,0,59,0,59,P3,F1=1.00 adequate for 59 train; monitor.,Verified phytopathology collections / PlantSeg-family repositories with crop-disease-specific curation.,"PRIORITY: new independent source (all current images from 2 PlantSeg pools). Crop-disease-specific collection only (generic healthy images must NOT be relabeled as diseased); expert phytopathology label sign-off; lesion-visible QA; SHA-256 dedupe vs train/val/test + 178-image benchmark + V3 2,304-image test set; license check. Prefer authentic field/high-tunnel captures (lab-background bias suspected)."
grape__grapevine_leafroll_disease,62,59,7,5,5,0.8333,1.0,0.9091,71,2,plantseg_v3_supplementary:39; plantseg:32,0,59,0,59,P3,F1=0.91 adequate for 59 train; monitor. Confusions out: [none]; in: [grape__leaf_spot:1].,Verified phytopathology collections / PlantSeg-family repositories with crop-disease-specific curation.,"PRIORITY: new independent source (all current images from 2 PlantSeg pools). Crop-disease-specific collection only (generic healthy images must NOT be relabeled as diseased); expert phytopathology label sign-off; lesion-visible QA; SHA-256 dedupe vs train/val/test + 178-image benchmark + V3 2,304-image test set; license check. Prefer authentic field/high-tunnel captures (lab-background bias suspected)."
peach__scab,71,60,7,8,8,0.8,1.0,0.8889,75,2,plantseg:53; plantseg_v3_supplementary:22,0,60,0,60,P3,F1=0.89 adequate for 60 train; monitor. Confusions out: [none]; in: [apple__scab:1; citrus__greening_disease:1].,Verified phytopathology collections / PlantSeg-family repositories with crop-disease-specific curation.,"PRIORITY: new independent source (all current images from 2 PlantSeg pools). Crop-disease-specific collection only (generic healthy images must NOT be relabeled as diseased); expert phytopathology label sign-off; lesion-visible QA; SHA-256 dedupe vs train/val/test + 178-image benchmark + V3 2,304-image test set; license check. Prefer authentic field/high-tunnel captures (lab-background bias suspected)."
plum__brown_rot,73,64,7,5,5,0.7143,1.0,0.8333,76,2,plantseg:38; plantseg_v3_supplementary:38,0,64,0,64,P3,F1=0.83 adequate for 64 train; monitor. Confusions out: [none]; in: [plum__pocket_disease:1; tomato__late_blight:1].,Verified phytopathology collections / PlantSeg-family repositories with crop-disease-specific curation.,"PRIORITY: new independent source (all current images from 2 PlantSeg pools). Crop-disease-specific collection only (generic healthy images must NOT be relabeled as diseased); expert phytopathology label sign-off; lesion-visible QA; SHA-256 dedupe vs train/val/test + 178-image benchmark + V3 2,304-image test set; license check. Prefer authentic field/high-tunnel captures (lab-background bias suspected)."
lettuce__downy_mildew,64,67,7,8,8,0.8571,0.75,0.8,82,2,plantseg:53; plantseg_v3_supplementary:29,0,67,0,67,P3,F1=0.80 adequate for 67 train; monitor. Confusions out: [cabbage__downy_mildew:1; tomato__septoria_leaf_spot:1]; in: [grape__downy_mildew:1].,Verified phytopathology collections / PlantSeg-family repositories with crop-disease-specific curation.,"PRIORITY: new independent source (all current images from 2 PlantSeg pools). Crop-disease-specific collection only (generic healthy images must NOT be relabeled as diseased); expert phytopathology label sign-off; lesion-visible QA; SHA-256 dedupe vs train/val/test + 178-image benchmark + V3 2,304-image test set; license check. Prefer authentic field/high-tunnel captures (lab-background bias suspected)."
apple__mosaic_virus,2,70,8,11,11,0.8,0.7273,0.7619,89,2,plantseg:73; plantseg_v3_supplementary:16,0,70,0,70,P3,F1=0.76 adequate for 70 train; monitor. Confusions out: [soybean__downy_mildew:1; soybean__mosaic:1; citrus__canker:1]; in: [bean__mosaic_virus:1; bean__rust:1].,Verified phytopathology collections / PlantSeg-family repositories with crop-disease-specific curation.,"PRIORITY: new independent source (all current images from 2 PlantSeg pools). Crop-disease-specific collection only (generic healthy images must NOT be relabeled as diseased); expert phytopathology label sign-off; lesion-visible QA; SHA-256 dedupe vs train/val/test + 178-image benchmark + V3 2,304-image test set; license check. Prefer authentic field/high-tunnel captures (lab-background bias suspected)."
zucchini__yellow_mosaic_virus,116,77,9,9,9,1.0,0.7778,0.875,95,2,plantseg:56; plantseg_v3_supplementary:39,0,77,0,77,P3,F1=0.88 adequate for 77 train; monitor. Confusions out: [celery__anthracnose:1; zucchini__powdery_mildew:1]; in: [none].,Verified phytopathology collections / PlantSeg-family repositories with crop-disease-specific curation.,"PRIORITY: new independent source (all current images from 2 PlantSeg pools). Crop-disease-specific collection only (generic healthy images must NOT be relabeled as diseased); expert phytopathology label sign-off; lesion-visible QA; SHA-256 dedupe vs train/val/test + 178-image benchmark + V3 2,304-image test set; license check. Prefer authentic field/high-tunnel captures (lab-background bias suspected)."
corn__gray_leaf_spot,46,85,10,12,12,0.9,0.75,0.8182,107,2,plantseg:76; plantseg_v3_supplementary:31,0,85,0,85,P3,F1=0.82 adequate for 85 train; monitor. Confusions out: [wheat__septoria_blotch:1; corn__northern_leaf_blight:1; wheat__powdery_mildew:1]; in: [corn__rust:1].,Verified phytopathology collections / PlantSeg-family repositories with crop-disease-specific curation.,"PRIORITY: new independent source (all current images from 2 PlantSeg pools). Crop-disease-specific collection only (generic healthy images must NOT be relabeled as diseased); expert phytopathology label sign-off; lesion-visible QA; SHA-256 dedupe vs train/val/test + 178-image benchmark + V3 2,304-image test set; license check. Prefer authentic field/high-tunnel captures (lab-background bias suspected)."
cucumber__bacterial_wilt,51,85,10,13,13,0.6875,0.8462,0.7586,108,2,plantseg:82; plantseg_v3_supplementary:26,0,85,0,85,P3,F1=0.76 adequate for 85 train; monitor. Confusions out: [zucchini__bacterial_wilt:2]; in: [zucchini__bacterial_wilt:4; banana__bunchy_top:1].,Verified phytopathology collections / PlantSeg-family repositories with crop-disease-specific curation.,"PRIORITY: new independent source (all current images from 2 PlantSeg pools). Crop-disease-specific collection only (generic healthy images must NOT be relabeled as diseased); expert phytopathology label sign-off; lesion-visible QA; SHA-256 dedupe vs train/val/test + 178-image benchmark + V3 2,304-image test set; license check. Prefer authentic field/high-tunnel captures (lab-background bias suspected)."
garlic__rust,57,85,9,12,12,0.75,0.75,0.75,106,2,plantseg:80; plantseg_v3_supplementary:26,0,85,0,85,P3,F1=0.75 adequate for 85 train; monitor. Confusions out: [garlic__leaf_blight:2; wheat__stripe_rust:1]; in: [wheat__stripe_rust:2; wheat__leaf_rust:1].,Verified phytopathology collections / PlantSeg-family repositories with crop-disease-specific curation.,"PRIORITY: new independent source (all current images from 2 PlantSeg pools). Crop-disease-specific collection only (generic healthy images must NOT be relabeled as diseased); expert phytopathology label sign-off; lesion-visible QA; SHA-256 dedupe vs train/val/test + 178-image benchmark + V3 2,304-image test set; license check. Prefer authentic field/high-tunnel captures (lab-background bias suspected)."
coffee__berry_blotch,42,86,10,9,9,0.8889,0.8889,0.8889,105,2,plantseg:65; plantseg_v3_supplementary:40,0,86,0,86,P3,F1=0.89 adequate for 86 train; monitor. Confusions out: [coffee__brown_eye_spot:1]; in: [cherry__leaf_spot:1].,Verified phytopathology collections / PlantSeg-family repositories with crop-disease-specific curation.,"PRIORITY: new independent source (all current images from 2 PlantSeg pools). Crop-disease-specific collection only (generic healthy images must NOT be relabeled as diseased); expert phytopathology label sign-off; lesion-visible QA; SHA-256 dedupe vs train/val/test + 178-image benchmark + V3 2,304-image test set; license check. Prefer authentic field/high-tunnel captures (lab-background bias suspected)."
bell_pepper__blossom_end_rot,17,87,10,11,11,0.8333,0.9091,0.8696,108,2,plantseg:78; plantseg_v3_supplementary:30,0,87,0,87,P3,F1=0.87 adequate for 87 train; monitor. Confusions out: [healthy:1]; in: [bell_pepper__bacterial_spot:1; cherry__powdery_mildew:1].,Verified phytopathology collections / PlantSeg-family repositories with crop-disease-specific curation.,"PRIORITY: new independent source (all current images from 2 PlantSeg pools). Crop-disease-specific collection only (generic healthy images must NOT be relabeled as diseased); expert phytopathology label sign-off; lesion-visible QA; SHA-256 dedupe vs train/val/test + 178-image benchmark + V3 2,304-image test set; license check. Prefer authentic field/high-tunnel captures (lab-background bias suspected)."
potato__late_blight,78,93,10,12,12,1.0,1.0,1.0,115,2,plantseg:76; plantseg_v3_supplementary:39,0,93,0,93,P3,F1=1.00 adequate for 93 train; monitor.,Verified phytopathology collections / PlantSeg-family repositories with crop-disease-specific curation.,"PRIORITY: new independent source (all current images from 2 PlantSeg pools). Crop-disease-specific collection only (generic healthy images must NOT be relabeled as diseased); expert phytopathology label sign-off; lesion-visible QA; SHA-256 dedupe vs train/val/test + 178-image benchmark + V3 2,304-image test set; license check. Prefer authentic field/high-tunnel captures (lab-background bias suspected)."
maple__tar_spot,66,95,10,8,8,1.0,1.0,1.0,113,2,plantseg:57; plantseg_v3_supplementary:56,0,95,0,95,P3,F1=1.00 adequate for 95 train; monitor.,Verified phytopathology collections / PlantSeg-family repositories with crop-disease-specific curation.,"PRIORITY: new independent source (all current images from 2 PlantSeg pools). Crop-disease-specific collection only (generic healthy images must NOT be relabeled as diseased); expert phytopathology label sign-off; lesion-visible QA; SHA-256 dedupe vs train/val/test + 178-image benchmark + V3 2,304-image test set; license check. Prefer authentic field/high-tunnel captures (lab-background bias suspected)."
cabbage__black_rot,29,96,11,13,13,0.8667,1.0,0.9286,120,2,plantseg:88; plantseg_v3_supplementary:32,0,96,0,96,P3,F1=0.93 adequate for 96 train; monitor. Confusions out: [none]; in: [healthy:1; broccoli__downy_mildew:1].,Verified phytopathology collections / PlantSeg-family repositories with crop-disease-specific curation.,"PRIORITY: new independent source (all current images from 2 PlantSeg pools). Crop-disease-specific collection only (generic healthy images must NOT be relabeled as diseased); expert phytopathology label sign-off; lesion-visible QA; SHA-256 dedupe vs train/val/test + 178-image benchmark + V3 2,304-image test set; license check. Prefer authentic field/high-tunnel captures (lab-background bias suspected)."
grape__black_rot,60,97,11,13,13,0.7059,0.9231,0.8,121,2,plantseg:87; plantseg_v3_supplementary:34,0,97,0,97,P3,F1=0.80 adequate for 97 train; monitor. Confusions out: [tobacco__frogeye_leaf_spot:1]; in: [grape__downy_mildew:2; cabbage__alternaria_leaf_spot:1; corn__smut:1].,Verified phytopathology collections / PlantSeg-family repositories with crop-disease-specific curation.,"PRIORITY: new independent source (all current images from 2 PlantSeg pools). Crop-disease-specific collection only (generic healthy images must NOT be relabeled as diseased); expert phytopathology label sign-off; lesion-visible QA; SHA-256 dedupe vs train/val/test + 178-image benchmark + V3 2,304-image test set; license check. Prefer authentic field/high-tunnel captures (lab-background bias suspected)."
corn__northern_leaf_blight,47,104,12,14,14,0.9286,0.9286,0.9286,130,2,plantseg:92; plantseg_v3_supplementary:38,0,104,0,104,P3,F1=0.93 at 104 train; monitor. Confusions out: [healthy:1]; in: [corn__gray_leaf_spot:1].,Verified phytopathology collections / PlantSeg-family repositories with crop-disease-specific curation.,"PRIORITY: new independent source (all current images from 2 PlantSeg pools). Crop-disease-specific collection only (generic healthy images must NOT be relabeled as diseased); expert phytopathology label sign-off; lesion-visible QA; SHA-256 dedupe vs train/val/test + 178-image benchmark + V3 2,304-image test set; license check. Prefer authentic field/high-tunnel captures (lab-background bias suspected)."
citrus__greening_disease,41,107,12,14,14,0.7647,0.9286,0.8387,133,2,plantseg:93; plantseg_v3_supplementary:40,0,107,0,107,P3,F1=0.84 at 107 train; monitor. Confusions out: [peach__scab:1]; in: [coffee__leaf_rust:2; bean__halo_blight:1; tomato__mosaic_virus:1].,Verified phytopathology collections / PlantSeg-family repositories with crop-disease-specific curation.,"PRIORITY: new independent source (all current images from 2 PlantSeg pools). Crop-disease-specific collection only (generic healthy images must NOT be relabeled as diseased); expert phytopathology label sign-off; lesion-visible QA; SHA-256 dedupe vs train/val/test + 178-image benchmark + V3 2,304-image test set; license check. Prefer authentic field/high-tunnel captures (lab-background bias suspected)."
soybean__downy_mildew,87,111,12,11,11,0.8333,0.9091,0.8696,134,2,plantseg:72; plantseg_v3_supplementary:62,0,111,0,111,P3,F1=0.87 at 111 train; monitor. Confusions out: [soybean__frog_eye_leaf_spot:1]; in: [apple__mosaic_virus:1; soybean__mosaic:1].,Verified phytopathology collections / PlantSeg-family repositories with crop-disease-specific curation.,"PRIORITY: new independent source (all current images from 2 PlantSeg pools). Crop-disease-specific collection only (generic healthy images must NOT be relabeled as diseased); expert phytopathology label sign-off; lesion-visible QA; SHA-256 dedupe vs train/val/test + 178-image benchmark + V3 2,304-image test set; license check. Prefer authentic field/high-tunnel captures (lab-background bias suspected)."
wheat__stem_rust,111,111,12,13,13,0.8462,0.8462,0.8462,136,2,plantseg:83; plantseg_v3_supplementary:53,0,111,0,111,P3,F1=0.85 at 111 train; monitor. Confusions out: [rice__sheath_blight:1; wheat__leaf_rust:1]; in: [wheat__loose_smut:1; wheat__stripe_rust:1].,Verified phytopathology collections / PlantSeg-family repositories with crop-disease-specific curation.,"PRIORITY: new independent source (all current images from 2 PlantSeg pools). Crop-disease-specific collection only (generic healthy images must NOT be relabeled as diseased); expert phytopathology label sign-off; lesion-visible QA; SHA-256 dedupe vs train/val/test + 178-image benchmark + V3 2,304-image test set; license check. Prefer authentic field/high-tunnel captures (lab-background bias suspected)."
apple__rust,3,112,12,14,14,0.8462,0.7857,0.8148,138,2,plantseg:98; plantseg_v3_supplementary:40,0,112,0,112,P3,F1=0.81 at 112 train; monitor. Confusions out: [apple__scab:2; coffee__leaf_rust:1]; in: [blueberry__rust:1; raspberry__yellow_rust:1].,Verified phytopathology collections / PlantSeg-family repositories with crop-disease-specific curation.,"PRIORITY: new independent source (all current images from 2 PlantSeg pools). Crop-disease-specific collection only (generic healthy images must NOT be relabeled as diseased); expert phytopathology label sign-off; lesion-visible QA; SHA-256 dedupe vs train/val/test + 178-image benchmark + V3 2,304-image test set; license check. Prefer authentic field/high-tunnel captures (lab-background bias suspected)."
banana__bunchy_top,7,115,13,11,11,0.9,0.8182,0.8571,139,2,plantseg:72; plantseg_v3_supplementary:67,0,115,0,115,P3,F1=0.86 at 115 train; monitor. Confusions out: [cucumber__bacterial_wilt:1; banana__cordana_leaf_spot:1]; in: [banana__panama_disease:1].,Verified phytopathology collections / PlantSeg-family repositories with crop-disease-specific curation.,"PRIORITY: new independent source (all current images from 2 PlantSeg pools). Crop-disease-specific collection only (generic healthy images must NOT be relabeled as diseased); expert phytopathology label sign-off; lesion-visible QA; SHA-256 dedupe vs train/val/test + 178-image benchmark + V3 2,304-image test set; license check. Prefer authentic field/high-tunnel captures (lab-background bias suspected)."
banana__black_leaf_streak,6,127,14,17,17,0.8889,0.9412,0.9143,158,2,plantseg:109; plantseg_v3_supplementary:49,0,127,0,127,P3,F1=0.91 at 127 train; monitor. Confusions out: [banana__panama_disease:1]; in: [banana__panama_disease:1; cherry__leaf_spot:1].,Verified phytopathology collections / PlantSeg-family repositories with crop-disease-specific curation.,"PRIORITY: new independent source (all current images from 2 PlantSeg pools). Crop-disease-specific collection only (generic healthy images must NOT be relabeled as diseased); expert phytopathology label sign-off; lesion-visible QA; SHA-256 dedupe vs train/val/test + 178-image benchmark + V3 2,304-image test set; license check. Prefer authentic field/high-tunnel captures (lab-background bias suspected)."
coffee__leaf_rust,45,129,14,16,16,0.9333,0.875,0.9032,159,2,plantseg:107; plantseg_v3_supplementary:52,0,129,0,129,P3,F1=0.90 at 129 train; monitor. Confusions out: [citrus__greening_disease:2]; in: [apple__rust:1].,Verified phytopathology collections / PlantSeg-family repositories with crop-disease-specific curation.,"PRIORITY: new independent source (all current images from 2 PlantSeg pools). Crop-disease-specific collection only (generic healthy images must NOT be relabeled as diseased); expert phytopathology label sign-off; lesion-visible QA; SHA-256 dedupe vs train/val/test + 178-image benchmark + V3 2,304-image test set; license check. Prefer authentic field/high-tunnel captures (lab-background bias suspected)."
peach__brown_rot,68,137,15,14,14,0.9333,1.0,0.9655,166,2,plantseg:93; plantseg_v3_supplementary:73,0,137,0,137,P3,F1=0.97 at 137 train; monitor. Confusions out: [none]; in: [wheat__loose_smut:1].,Verified phytopathology collections / PlantSeg-family repositories with crop-disease-specific curation.,"PRIORITY: new independent source (all current images from 2 PlantSeg pools). Crop-disease-specific collection only (generic healthy images must NOT be relabeled as diseased); expert phytopathology label sign-off; lesion-visible QA; SHA-256 dedupe vs train/val/test + 178-image benchmark + V3 2,304-image test set; license check. Prefer authentic field/high-tunnel captures (lab-background bias suspected)."
corn__rust,48,143,16,18,18,1.0,0.7222,0.8387,177,2,plantseg:120; plantseg_v3_supplementary:57,0,143,0,143,P3,F1=0.84 at 143 train; monitor. Confusions out: [wheat__leaf_rust:3; corn__gray_leaf_spot:1; wheat__stripe_rust:1]; in: [none].,Verified phytopathology collections / PlantSeg-family repositories with crop-disease-specific curation.,"PRIORITY: new independent source (all current images from 2 PlantSeg pools). Crop-disease-specific collection only (generic healthy images must NOT be relabeled as diseased); expert phytopathology label sign-off; lesion-visible QA; SHA-256 dedupe vs train/val/test + 178-image benchmark + V3 2,304-image test set; license check. Prefer authentic field/high-tunnel captures (lab-background bias suspected)."
cucumber__angular_leaf_spot,50,144,16,22,22,0.875,0.9545,0.913,182,2,plantseg:148; plantseg_v3_supplementary:34,0,144,0,144,P3,F1=0.91 at 144 train; monitor. Confusions out: [bean__rust:1]; in: [zucchini__downy_mildew:3].,Verified phytopathology collections / PlantSeg-family repositories with crop-disease-specific curation.,"PRIORITY: new independent source (all current images from 2 PlantSeg pools). Crop-disease-specific collection only (generic healthy images must NOT be relabeled as diseased); expert phytopathology label sign-off; lesion-visible QA; SHA-256 dedupe vs train/val/test + 178-image benchmark + V3 2,304-image test set; license check. Prefer authentic field/high-tunnel captures (lab-background bias suspected)."
peach__leaf_curl,69,148,16,18,18,0.9,1.0,0.9474,182,2,plantseg:121; plantseg_v3_supplementary:61,0,148,0,148,P3,F1=0.95 at 148 train; monitor. Confusions out: [none]; in: [celery__anthracnose:1; plum__pocket_disease:1].,Verified phytopathology collections / PlantSeg-family repositories with crop-disease-specific curation.,"PRIORITY: new independent source (all current images from 2 PlantSeg pools). Crop-disease-specific collection only (generic healthy images must NOT be relabeled as diseased); expert phytopathology label sign-off; lesion-visible QA; SHA-256 dedupe vs train/val/test + 178-image benchmark + V3 2,304-image test set; license check. Prefer authentic field/high-tunnel captures (lab-background bias suspected)."
wheat__loose_smut,108,154,17,19,19,1.0,0.8947,0.9444,190,2,plantseg:127; plantseg_v3_supplementary:63,0,154,0,154,P3,F1=0.94 at 154 train; monitor. Confusions out: [wheat__stem_rust:1; peach__brown_rot:1]; in: [none].,Verified phytopathology collections / PlantSeg-family repositories with crop-disease-specific curation.,"PRIORITY: new independent source (all current images from 2 PlantSeg pools). Crop-disease-specific collection only (generic healthy images must NOT be relabeled as diseased); expert phytopathology label sign-off; lesion-visible QA; SHA-256 dedupe vs train/val/test + 178-image benchmark + V3 2,304-image test set; license check. Prefer authentic field/high-tunnel captures (lab-background bias suspected)."
wheat__septoria_blotch,110,164,18,19,19,0.7143,0.7895,0.75,201,2,plantseg:123; plantseg_v3_supplementary:78,0,164,0,164,P3,F1=0.75 at 164 train; monitor. Confusions out: [wheat__stripe_rust:2; wheat__leaf_rust:1; wheat__bacterial_leaf_streak_(black_chaff):1]; in: [wheat__bacterial_leaf_streak_(black_chaff):3; garlic__leaf_blight:2; corn__gray_leaf_spot:1].,Verified phytopathology collections / PlantSeg-family repositories with crop-disease-specific curation.,"PRIORITY: new independent source (all current images from 2 PlantSeg pools). Crop-disease-specific collection only (generic healthy images must NOT be relabeled as diseased); expert phytopathology label sign-off; lesion-visible QA; SHA-256 dedupe vs train/val/test + 178-image benchmark + V3 2,304-image test set; license check. Prefer authentic field/high-tunnel captures (lab-background bias suspected)."
corn__smut,49,165,18,19,19,1.0,0.8947,0.9444,202,2,plantseg:131; plantseg_v3_supplementary:71,0,165,0,165,P3,F1=0.94 at 165 train; monitor. Confusions out: [grape__black_rot:1; garlic__leaf_blight:1]; in: [none].,Verified phytopathology collections / PlantSeg-family repositories with crop-disease-specific curation.,"PRIORITY: new independent source (all current images from 2 PlantSeg pools). Crop-disease-specific collection only (generic healthy images must NOT be relabeled as diseased); expert phytopathology label sign-off; lesion-visible QA; SHA-256 dedupe vs train/val/test + 178-image benchmark + V3 2,304-image test set; license check. Prefer authentic field/high-tunnel captures (lab-background bias suspected)."
soybean__frog_eye_leaf_spot,88,170,19,21,21,0.7037,0.9048,0.7917,210,2,plantseg:139; plantseg_v3_supplementary:71,0,170,0,170,P3,F1=0.79 at 170 train; monitor. Confusions out: [bean__rust:1; soybean__brown_spot:1]; in: [soybean__bacterial_blight:2; apple__black_rot:1; bell_pepper__frogeye_leaf_spot:1].,Verified phytopathology collections / PlantSeg-family repositories with crop-disease-specific curation.,"PRIORITY: new independent source (all current images from 2 PlantSeg pools). Crop-disease-specific collection only (generic healthy images must NOT be relabeled as diseased); expert phytopathology label sign-off; lesion-visible QA; SHA-256 dedupe vs train/val/test + 178-image benchmark + V3 2,304-image test set; license check. Prefer authentic field/high-tunnel captures (lab-background bias suspected)."
tomato__leaf_mold,101,198,22,16,16,0.8667,0.8125,0.8387,236,3,plantseg:102; external_field_pool:80; plantseg_v3_supplementary:54,80,126,0,198,P3,F1=0.84 at 198 train; monitor. Confusions out: [tomato__late_blight:1; squash__powdery_mildew:1; cucumber__powdery_mildew:1]; in: [broccoli__downy_mildew:1; tomato__late_blight:1].,Verified phytopathology collections / PlantSeg-family repositories with crop-disease-specific curation.,"Crop-disease-specific collection only (generic healthy images must NOT be relabeled as diseased); expert phytopathology label sign-off; lesion-visible QA; SHA-256 dedupe vs train/val/test + 178-image benchmark + V3 2,304-image test set; license check."
wheat__powdery_mildew,109,211,24,27,27,0.8846,0.8519,0.8679,262,2,plantseg:175; plantseg_v3_supplementary:87,0,211,0,211,P3,F1=0.87 at 211 train; monitor. Confusions out: [garlic__leaf_blight:2; ginger__sheath_blight:1; rice__blast:1]; in: [corn__gray_leaf_spot:1; wheat__bacterial_leaf_streak_(black_chaff):1; wheat__stripe_rust:1].,Verified phytopathology collections / PlantSeg-family repositories with crop-disease-specific curation.,"PRIORITY: new independent source (all current images from 2 PlantSeg pools). Crop-disease-specific collection only (generic healthy images must NOT be relabeled as diseased); expert phytopathology label sign-off; lesion-visible QA; SHA-256 dedupe vs train/val/test + 178-image benchmark + V3 2,304-image test set; license check. Prefer authentic field/high-tunnel captures (lab-background bias suspected)."
grape__downy_mildew,61,221,25,32,32,0.8889,0.75,0.8136,278,2,plantseg:209; plantseg_v3_supplementary:69,0,221,0,221,P3,F1=0.81 at 221 train; monitor. Confusions out: [grape__black_rot:2; celery__early_blight:1; tomato__late_blight:1]; in: [grape__leaf_spot:1; squash__powdery_mildew:1; zucchini__downy_mildew:1].,Verified phytopathology collections / PlantSeg-family repositories with crop-disease-specific curation.,"PRIORITY: new independent source (all current images from 2 PlantSeg pools). Crop-disease-specific collection only (generic healthy images must NOT be relabeled as diseased); expert phytopathology label sign-off; lesion-visible QA; SHA-256 dedupe vs train/val/test + 178-image benchmark + V3 2,304-image test set; license check. Prefer authentic field/high-tunnel captures (lab-background bias suspected)."
wheat__head_scab,106,221,24,30,30,0.9677,1.0,0.9836,275,2,plantseg:199; plantseg_v3_supplementary:76,0,221,0,221,P3,F1=0.98 at 221 train; monitor. Confusions out: [none]; in: [wheat__bacterial_leaf_streak_(black_chaff):1].,Verified phytopathology collections / PlantSeg-family repositories with crop-disease-specific curation.,"PRIORITY: new independent source (all current images from 2 PlantSeg pools). Crop-disease-specific collection only (generic healthy images must NOT be relabeled as diseased); expert phytopathology label sign-off; lesion-visible QA; SHA-256 dedupe vs train/val/test + 178-image benchmark + V3 2,304-image test set; license check. Prefer authentic field/high-tunnel captures (lab-background bias suspected)."
wheat__stripe_rust,112,264,29,32,32,0.7647,0.8125,0.7879,325,2,plantseg:212; plantseg_v3_supplementary:113,0,264,0,264,P3,F1=0.79 at 264 train; monitor. Confusions out: [wheat__leaf_rust:2; garlic__rust:2; wheat__stem_rust:1]; in: [wheat__leaf_rust:2; wheat__septoria_blotch:2; corn__rust:1].,Verified phytopathology collections / PlantSeg-family repositories with crop-disease-specific curation.,"PRIORITY: new independent source (all current images from 2 PlantSeg pools). Crop-disease-specific collection only (generic healthy images must NOT be relabeled as diseased); expert phytopathology label sign-off; lesion-visible QA; SHA-256 dedupe vs train/val/test + 178-image benchmark + V3 2,304-image test set; license check. Prefer authentic field/high-tunnel captures (lab-background bias suspected)."
tomato__early_blight,99,275,31,22,22,0.7037,0.8636,0.7755,328,3,external_field_pool:150; plantseg:146; plantseg_v3_supplementary:32,150,140,0,275,P3,F1=0.78 at 275 train; monitor. Confusions out: [potato__early_blight:1; apple__scab:1; tomato__septoria_leaf_spot:1]; in: [broccoli__alternaria_leaf_spot:2; tomato__septoria_leaf_spot:2; grape__leaf_spot:1].,Verified phytopathology collections / PlantSeg-family repositories with crop-disease-specific curation.,"Crop-disease-specific collection only (generic healthy images must NOT be relabeled as diseased); expert phytopathology label sign-off; lesion-visible QA; SHA-256 dedupe vs train/val/test + 178-image benchmark + V3 2,304-image test set; license check."
citrus__canker,40,306,34,48,48,0.9583,0.9583,0.9583,388,2,plantseg:321; plantseg_v3_supplementary:67,0,306,0,306,P3,F1=0.96 at 306 train; monitor. Confusions out: [apple__scab:1; soybean__frog_eye_leaf_spot:1]; in: [apple__mosaic_virus:1; apple__scab:1].,Verified phytopathology collections / PlantSeg-family repositories with crop-disease-specific curation.,"PRIORITY: new independent source (all current images from 2 PlantSeg pools). Crop-disease-specific collection only (generic healthy images must NOT be relabeled as diseased); expert phytopathology label sign-off; lesion-visible QA; SHA-256 dedupe vs train/val/test + 178-image benchmark + V3 2,304-image test set; license check. Prefer authentic field/high-tunnel captures (lab-background bias suspected)."
bean__angular_leaf_spot,12,330,37,65,65,0.9394,0.9538,0.9466,432,1,makerere_beans:432,0,330,0,330,P3,F1=0.95 at 330 train; monitor. Confusions out: [bean__rust:3]; in: [bean__rust:3; grape__leaf_spot:1].,Verified phytopathology collections / PlantSeg-family repositories with crop-disease-specific curation.,"PRIORITY: new independent source (all current images from 2 PlantSeg pools). Crop-disease-specific collection only (generic healthy images must NOT be relabeled as diseased); expert phytopathology label sign-off; lesion-visible QA; SHA-256 dedupe vs train/val/test + 178-image benchmark + V3 2,304-image test set; license check. Prefer authentic field/high-tunnel captures (lab-background bias suspected)."
bean__rust,15,471,52,77,77,0.8293,0.8831,0.8553,600,3,makerere_beans:436; plantseg_v3_supplementary:90; plantseg:74,0,471,0,471,P3,F1=0.86 at 471 train; monitor. Confusions out: [bean__angular_leaf_spot:3; apple__mosaic_virus:1; soybean__rust:1]; in: [soybean__rust:5; bean__angular_leaf_spot:3; bell_pepper__frogeye_leaf_spot:1].,Verified phytopathology collections / PlantSeg-family repositories with crop-disease-specific curation.,"Crop-disease-specific collection only (generic healthy images must NOT be relabeled as diseased); expert phytopathology label sign-off; lesion-visible QA; SHA-256 dedupe vs train/val/test + 178-image benchmark + V3 2,304-image test set; license check. Prefer authentic field/high-tunnel captures (lab-background bias suspected)."
healthy,0,5308,590,1041,1041,0.9942,0.9933,0.9938,6939,10,model1_balanced_healthy:3181; external_healthy_tomato:1420; external_healthy_bell_pepper:708; external_healthy_spinach:694; makerere_beans:427; external_healthy_strawberry:279; external_healthy_turnip:181; external_healthy_cauliflower:29; external_healthy_cabbage:12; external_healthy_broccoli:8,0,5308,0,5308,P3,"Shared healthy class: 5,308 train, F1 0.994. No acquisition; do NOT relabel healthy images as diseased. Confusions out: [cherry__powdery_mildew:1; tomato__late_blight:1; bean__mosaic_virus:1]; in: [bean__rust:1; bell_pepper__blossom_end_rot:1; corn__northern_leaf_blight:1].",Verified phytopathology collections / PlantSeg-family repositories with crop-disease-specific curation.,"Crop-disease-specific collection only (generic healthy images must NOT be relabeled as diseased); expert phytopathology label sign-off; lesion-visible QA; SHA-256 dedupe vs train/val/test + 178-image benchmark + V3 2,304-image test set; license check. Prefer authentic field/high-tunnel captures (lab-background bias suspected)."
