epoch,stage,learning_rate,train_loss,train_accuracy,train_macro_f1,train_weighted_f1,val_loss,val_accuracy,val_macro_f1_active,val_weighted_f1_active,best_val_macro_f1_active,best_epoch,epoch_time_seconds,gpu_memory_mb
1,S1,0.001,1.3958,0.671,0.6506,0.6685,0.9261,0.7557,0.679,0.7567,0.679,1,345.1,136.8
2,S1,0.001,0.831,0.7746,0.76,0.7744,0.7618,0.7889,0.7294,0.7904,0.7294,2,295.4,136.8
3,S1,0.001,0.7251,0.7972,0.7897,0.7973,0.6998,0.7996,0.7406,0.8023,0.7406,3,318.1,136.8
4,S1,0.001,0.6575,0.8128,0.8084,0.8132,0.6565,0.8053,0.7518,0.8055,0.7518,4,325.5,136.8
5,S2,7e-05,0.8751,0.753,0.7355,0.7509,0.5517,0.8354,0.7747,0.8364,0.7747,5,372.2,1133.0
6,S2,6.83e-05,0.4897,0.8567,0.8505,0.8567,0.459,0.8612,0.8112,0.8625,0.8112,6,361.1,1133.0
7,S2,6.34e-05,0.3489,0.8961,0.8915,0.8962,0.4039,0.8719,0.8202,0.8718,0.8202,7,280.5,1133.0
8,S2,5.58e-05,0.2683,0.92,0.9156,0.9201,0.3772,0.8813,0.8383,0.8814,0.8383,8,285.0,1133.0
9,S2,4.62e-05,0.2134,0.9369,0.9336,0.9371,0.3681,0.875,0.8247,0.876,0.8383,8,280.0,1133.0
10,S2,3.55e-05,0.1839,0.9467,0.9449,0.9468,0.3519,0.8907,0.8398,0.891,0.8398,10,306.8,1133.0
11,S2,2.48e-05,0.147,0.9551,0.9542,0.9551,0.3531,0.8938,0.8478,0.8936,0.8478,11,296.1,1133.0
12,S2,1.52e-05,0.1286,0.9625,0.9609,0.9626,0.3356,0.8951,0.8527,0.8951,0.8527,12,292.7,1133.0
13,S2,7.6e-06,0.1124,0.9667,0.965,0.9667,0.3443,0.8951,0.8523,0.8957,0.8527,12,317.7,1133.0
14,S2,2.7e-06,0.1095,0.9661,0.965,0.9661,0.3386,0.9001,0.8571,0.9002,0.8571,14,331.0,1133.0
