class_index,class_name,subset,test_support,precision,recall,f1_score,status
0,anthurium,ORIGINAL_22,10,1.0,1.0,1.0,Active
1,apple,NEW_24,57,0.8167,0.8596,0.8376,Active
2,banana,NEW_24,54,0.9298,0.9815,0.955,Active
3,basil,NEW_24,6,0.3571,0.8333,0.5,Active
4,blueberry,ORIGINAL_22,31,0.8889,0.7742,0.8276,Active
5,broccoli,ORIGINAL_22,41,0.8372,0.878,0.8571,Active
6,cabbage,NEW_24,27,0.8333,0.7407,0.7843,Active
7,bellpepper,ORIGINAL_22,65,0.9403,0.9692,0.9545,Active
8,carnation,ORIGINAL_22,5,1.0,1.0,1.0,Active
9,carrot,NEW_24,15,0.8333,1.0,0.9091,Active
10,cauliflower,NEW_24,10,0.5556,0.5,0.5263,Active
11,celery,NEW_24,6,0.625,0.8333,0.7143,Active
12,cherry,NEW_24,14,0.5556,0.3571,0.4348,Active
13,cherry_tomato,ORIGINAL_22,0,0.0,0.0,0.0,Zero Support Gap
14,chrysanthemum,ORIGINAL_22,42,1.0,0.9286,0.963,Active
15,citrus,NEW_24,52,0.8889,0.9231,0.9057,Active
16,coffee,NEW_24,28,0.8929,0.8929,0.8929,Active
17,corn,NEW_24,62,0.9062,0.9355,0.9206,Active
18,cucumber,ORIGINAL_22,65,0.9403,0.9692,0.9545,Active
19,eggplant,NEW_24,14,0.7143,0.7143,0.7143,Active
20,french_bean,ORIGINAL_22,65,0.9219,0.9077,0.9147,Active
21,garlic,NEW_24,20,0.6364,0.7,0.6667,Active
22,geranium,ORIGINAL_22,25,1.0,1.0,1.0,Active
23,gerbera,ORIGINAL_22,7,0.7,1.0,0.8235,Active
24,ginger,NEW_24,9,0.4,0.4444,0.4211,Active
25,grape,NEW_24,56,0.8545,0.8393,0.8468,Active
26,gypsophila,ORIGINAL_22,0,0.0,0.0,0.0,Zero Support Gap
27,lettuce,ORIGINAL_22,65,0.9831,0.8923,0.9355,Active
28,lilium,ORIGINAL_22,4,1.0,1.0,1.0,Active
29,maple,NEW_24,11,0.9,0.8182,0.8571,Active
30,marigold,ORIGINAL_22,65,0.9559,1.0,0.9774,Active
31,melon,ORIGINAL_22,25,0.9615,1.0,0.9804,Active
32,orchid,ORIGINAL_22,65,0.9848,1.0,0.9924,Active
33,peach,NEW_24,44,0.8409,0.8409,0.8409,Active
34,plum,NEW_24,22,0.7778,0.6364,0.7,Active
35,potato,NEW_24,24,0.8571,0.75,0.8,Active
36,raspberry,NEW_24,12,0.7143,0.8333,0.7692,Active
37,rice,NEW_24,16,0.7333,0.6875,0.7097,Active
38,rose,ORIGINAL_22,65,0.9697,0.9846,0.9771,Active
39,soybean,NEW_24,65,0.8889,0.8615,0.875,Active
40,spinach,ORIGINAL_22,65,1.0,1.0,1.0,Active
41,strawberry,ORIGINAL_22,65,0.9846,0.9846,0.9846,Active
42,tobacco,NEW_24,18,0.85,0.9444,0.8947,Active
43,tomato,ORIGINAL_22,65,0.9848,1.0,0.9924,Active
44,wheat,NEW_24,65,0.8814,0.8,0.8387,Active
45,zucchini,ORIGINAL_22,39,0.8824,0.7692,0.8219,Active
