canonical_class,crop,disease,train,val,test,processed_total,external_staged_real,unique_real_images,target_250,target_400,target_500,shortage_250,shortage_400,shortage_500,healthy_status,label_confidence,notes
apple__black_rot,apple,black_rot,66,7,10,83,0,83,250,400,500,167,317,417,disease,high,
apple__mosaic_virus,apple,mosaic_virus,70,8,11,89,0,89,250,400,500,161,311,411,disease,high,
apple__rust,apple,rust,112,12,14,138,0,138,250,400,500,112,262,362,disease,high,
apple__scab,apple,scab,208,23,25,256,0,256,250,400,500,0,144,244,disease,high,
banana__anthracnose,banana,anthracnose,56,6,7,69,0,69,250,400,500,181,331,431,disease,high,
banana__black_leaf_streak,banana,black_leaf_streak,127,14,17,158,0,158,250,400,500,92,242,342,disease,high,
banana__bunchy_top,banana,bunchy_top,115,13,11,139,0,139,250,400,500,111,261,361,disease,high,
banana__cigar_end_rot,banana,cigar_end_rot,47,5,4,56,0,56,250,400,500,194,344,444,disease,high,
banana__cordana_leaf_spot,banana,cordana_leaf_spot,42,5,4,51,0,51,250,400,500,199,349,449,disease,high,
banana__panama_disease,banana,panama_disease,49,6,8,63,0,63,250,400,500,187,337,437,disease,high,
basil__downy_mildew,basil,downy_mildew,51,6,6,63,0,63,250,400,500,187,337,437,disease,high,
bean__angular_leaf_spot,bean,angular_leaf_spot,330,37,65,432,0,432,250,400,500,0,0,68,disease,high,
bean__halo_blight,bean,halo_blight,45,5,6,56,0,56,250,400,500,194,344,444,disease,high,
bean__mosaic_virus,bean,mosaic_virus,47,5,5,57,0,57,250,400,500,193,343,443,disease,high,
bean__rust,bean,rust,471,52,77,600,0,600,250,400,500,0,0,0,disease,high,
bell_pepper__bacterial_spot,bell_pepper,bacterial_spot,55,6,7,68,4080,4148,250,400,500,0,0,0,disease,high,"Pepper Bell Leaf Disease, staged not in splits; distinct from any 'bacterial_spot_rot' (cauliflower); verify not conflated"
bell_pepper__blossom_end_rot,bell_pepper,blossom_end_rot,87,10,11,108,0,108,250,400,500,142,292,392,disease,high,
bell_pepper__frogeye_leaf_spot,bell_pepper,frogeye_leaf_spot,22,2,4,28,0,28,250,400,500,222,372,472,disease,high,
bell_pepper__powdery_mildew,bell_pepper,powdery_mildew,22,2,2,26,195,221,250,400,500,29,179,279,disease,high,"Pepper Bell Leaf Disease, staged not in splits"
blueberry__anthracnose,blueberry,anthracnose,32,4,4,40,0,40,250,400,500,210,360,460,disease,high,
blueberry__botrytis_blight,blueberry,botrytis_blight,29,3,3,35,0,35,250,400,500,215,365,465,disease,high,
blueberry__mummy_berry,blueberry,mummy_berry,38,4,4,46,0,46,250,400,500,204,354,454,disease,high,
blueberry__rust,blueberry,rust,34,4,5,43,0,43,250,400,500,207,357,457,disease,high,
blueberry__scorch,blueberry,scorch,33,4,5,42,0,42,250,400,500,208,358,458,disease,high,
broccoli__alternaria_leaf_spot,broccoli,alternaria_leaf_spot,49,5,8,62,0,62,250,400,500,188,338,438,disease,high,
broccoli__downy_mildew,broccoli,downy_mildew,23,2,4,29,0,29,250,400,500,221,371,471,disease,high,
broccoli__ring_spot,broccoli,ring_spot,8,1,1,10,0,10,250,400,500,240,390,490,disease,high,
cabbage__alternaria_leaf_spot,cabbage,alternaria_leaf_spot,47,5,6,58,0,58,250,400,500,192,342,442,disease,high,
cabbage__black_rot,cabbage,black_rot,96,11,13,120,0,120,250,400,500,130,280,380,disease,high,
cabbage__downy_mildew,cabbage,downy_mildew,68,8,8,84,0,84,250,400,500,166,316,416,disease,high,
carrot__alternaria_leaf_blight,carrot,alternaria_leaf_blight,47,5,7,59,0,59,250,400,500,191,341,441,disease,high,
carrot__cavity_spot,carrot,cavity_spot,59,6,7,72,0,72,250,400,500,178,328,428,disease,high,
carrot__cercospora_leaf_blight,carrot,cercospora_leaf_blight,13,1,3,17,0,17,250,400,500,233,383,483,disease,high,
cauliflower__alternaria_leaf_spot,cauliflower,alternaria_leaf_spot,35,4,4,43,348,391,250,400,500,0,9,109,disease,high,"Cauliflower Dataset (fruit+leaves), staged not in splits; external has Alternaria Brassicae(fruit)+Alternaria Leaf Spot(leaves); label may mix fruit/leaf"
cauliflower__bacterial_soft_rot,cauliflower,bacterial_soft_rot,27,3,2,32,200,232,250,400,500,18,168,268,disease,high,"Cauliflower Dataset (fruit+leaves), staged not in splits"
celery__anthracnose,celery,anthracnose,25,3,1,29,0,29,250,400,500,221,371,471,disease,high,
celery__early_blight,celery,early_blight,28,3,5,36,0,36,250,400,500,214,364,464,disease,high,
cherry__leaf_spot,cherry,leaf_spot,86,10,10,106,0,106,250,400,500,144,294,394,disease,high,
cherry__powdery_mildew,cherry,powdery_mildew,27,3,3,33,0,33,250,400,500,217,367,467,disease,high,
citrus__canker,citrus,canker,306,34,48,388,0,388,250,400,500,0,12,112,disease,high,
citrus__greening_disease,citrus,greening_disease,107,12,14,133,0,133,250,400,500,117,267,367,disease,high,
coffee__berry_blotch,coffee,berry_blotch,86,10,9,105,0,105,250,400,500,145,295,395,disease,high,
coffee__black_rot,coffee,black_rot,5,1,0,6,0,6,250,400,500,244,394,494,disease,high,
coffee__brown_eye_spot,coffee,brown_eye_spot,12,1,1,14,0,14,250,400,500,236,386,486,disease,high,
coffee__leaf_rust,coffee,leaf_rust,129,14,16,159,0,159,250,400,500,91,241,341,disease,high,
corn__gray_leaf_spot,corn,gray_leaf_spot,85,10,12,107,0,107,250,400,500,143,293,393,disease,high,
corn__northern_leaf_blight,corn,northern_leaf_blight,104,12,14,130,0,130,250,400,500,120,270,370,disease,high,
corn__rust,corn,rust,143,16,18,177,0,177,250,400,500,73,223,323,disease,high,
corn__smut,corn,smut,165,18,19,202,0,202,250,400,500,48,198,298,disease,high,
cucumber__angular_leaf_spot,cucumber,angular_leaf_spot,144,16,22,182,0,182,250,400,500,68,218,318,disease,high,
cucumber__bacterial_wilt,cucumber,bacterial_wilt,85,10,13,108,0,108,250,400,500,142,292,392,disease,high,
cucumber__powdery_mildew,cucumber,powdery_mildew,283,31,22,336,0,336,250,400,500,0,64,164,disease,high,
eggplant__cercospora_leaf_spot,eggplant,cercospora_leaf_spot,47,5,6,58,0,58,250,400,500,192,342,442,disease,high,
eggplant__phomopsis_fruit_rot,eggplant,phomopsis_fruit_rot,36,4,5,45,0,45,250,400,500,205,355,455,disease,high,
eggplant__phytophthora_blight,eggplant,phytophthora_blight,26,3,4,33,0,33,250,400,500,217,367,467,disease,high,
garlic__leaf_blight,garlic,leaf_blight,72,8,12,92,0,92,250,400,500,158,308,408,disease,high,
garlic__rust,garlic,rust,85,9,12,106,0,106,250,400,500,144,294,394,disease,high,
ginger__leaf_spot,ginger,leaf_spot,19,2,4,25,0,25,250,400,500,225,375,475,disease,high,
ginger__sheath_blight,ginger,sheath_blight,52,6,8,66,0,66,250,400,500,184,334,434,disease,high,
grape__black_rot,grape,black_rot,97,11,13,121,0,121,250,400,500,129,279,379,disease,high,
grape__downy_mildew,grape,downy_mildew,221,25,32,278,0,278,250,400,500,0,122,222,disease,high,
grape__grapevine_leafroll_disease,grape,grapevine_leafroll_disease,59,7,5,71,0,71,250,400,500,179,329,429,disease,high,
grape__leaf_spot,grape,leaf_spot,70,8,10,88,0,88,250,400,500,162,312,412,disease,high,
lettuce__downy_mildew,lettuce,downy_mildew,67,7,8,82,0,82,250,400,500,168,318,418,disease,high,
lettuce__mosaic_virus,lettuce,mosaic_virus,31,4,4,39,0,39,250,400,500,211,361,461,disease,high,
maple__tar_spot,maple,tar_spot,95,10,8,113,0,113,250,400,500,137,287,387,disease,high,
peach__anthracnose,peach,anthracnose,11,1,1,13,0,13,250,400,500,237,387,487,disease,high,
peach__brown_rot,peach,brown_rot,137,15,14,166,0,166,250,400,500,84,234,334,disease,high,
peach__leaf_curl,peach,leaf_curl,148,16,18,182,0,182,250,400,500,68,218,318,disease,high,
peach__rust,peach,rust,6,1,1,8,0,8,250,400,500,242,392,492,disease,high,
peach__scab,peach,scab,60,7,8,75,0,75,250,400,500,175,325,425,disease,high,
plum__bacterial_spot,plum,bacterial_spot,13,2,1,16,0,16,250,400,500,234,384,484,disease,high,
plum__brown_rot,plum,brown_rot,64,7,5,76,0,76,250,400,500,174,324,424,disease,high,
plum__pocket_disease,plum,pocket_disease,48,5,4,57,0,57,250,400,500,193,343,443,disease,high,
plum__pox_virus,plum,pox_virus,25,3,4,32,0,32,250,400,500,218,368,468,disease,high,
plum__rust,plum,rust,29,3,2,34,0,34,250,400,500,216,366,466,disease,high,
potato__early_blight,potato,early_blight,103,11,10,124,0,124,250,400,500,126,276,376,disease,high,
potato__late_blight,potato,late_blight,93,10,12,115,0,115,250,400,500,135,285,385,disease,high,
raspberry__fire_blight,raspberry,fire_blight,24,3,4,31,0,31,250,400,500,219,369,469,disease,high,
raspberry__gray_mold,raspberry,gray_mold,32,4,2,38,0,38,250,400,500,212,362,462,disease,high,
raspberry__leaf_spot,raspberry,leaf_spot,15,2,1,18,0,18,250,400,500,232,382,482,disease,high,
raspberry__yellow_rust,raspberry,yellow_rust,29,3,4,36,0,36,250,400,500,214,364,464,disease,high,
rice__blast,rice,blast,68,8,7,83,0,83,250,400,500,167,317,417,disease,high,
rice__sheath_blight,rice,sheath_blight,58,6,8,72,0,72,250,400,500,178,328,428,disease,high,
soybean__bacterial_blight,soybean,bacterial_blight,70,8,9,87,0,87,250,400,500,163,313,413,disease,high,
soybean__brown_spot,soybean,brown_spot,49,5,7,61,0,61,250,400,500,189,339,439,disease,high,
soybean__downy_mildew,soybean,downy_mildew,111,12,11,134,0,134,250,400,500,116,266,366,disease,high,
soybean__frog_eye_leaf_spot,soybean,frog_eye_leaf_spot,170,19,21,210,0,210,250,400,500,40,190,290,disease,high,
soybean__mosaic,soybean,mosaic,92,10,13,115,0,115,250,400,500,135,285,385,disease,high,
soybean__rust,soybean,rust,455,51,9,515,0,515,250,400,500,0,0,0,disease,high,
squash__powdery_mildew,squash,powdery_mildew,139,15,20,174,0,174,250,400,500,76,226,326,disease,high,
strawberry__anthracnose,strawberry,anthracnose,48,5,5,58,0,58,250,400,500,192,342,442,disease,high,
strawberry__leaf_scorch,strawberry,leaf_scorch,32,4,3,39,0,39,250,400,500,211,361,461,disease,high,
tobacco__blue_mold,tobacco,blue_mold,45,5,5,55,0,55,250,400,500,195,345,445,disease,high,
tobacco__brown_spot,tobacco,brown_spot,49,6,7,62,0,62,250,400,500,188,338,438,disease,high,
tobacco__frogeye_leaf_spot,tobacco,frogeye_leaf_spot,15,2,3,20,0,20,250,400,500,230,380,480,disease,high,
tobacco__mosaic_virus,tobacco,mosaic_virus,32,4,5,41,0,41,250,400,500,209,359,459,disease,high,
tomato__bacterial_leaf_spot,tomato,bacterial_leaf_spot,85,9,13,107,0,107,250,400,500,143,293,393,disease,high,
tomato__early_blight,tomato,early_blight,275,31,22,328,0,328,250,400,500,0,72,172,disease,high,
tomato__late_blight,tomato,late_blight,254,29,17,300,0,300,250,400,500,0,100,200,disease,high,
tomato__leaf_mold,tomato,leaf_mold,198,22,16,236,0,236,250,400,500,14,164,264,disease,high,
tomato__mosaic_virus,tomato,mosaic_virus,50,6,7,63,0,63,250,400,500,187,337,437,disease,high,
tomato__septoria_leaf_spot,tomato,septoria_leaf_spot,233,26,14,273,0,273,250,400,500,0,127,227,disease,high,
tomato__yellow_leaf_curl_virus,tomato,yellow_leaf_curl_virus,72,8,9,89,0,89,250,400,500,161,311,411,disease,high,
wheat__bacterial_leaf_streak_(black_chaff),wheat,bacterial_leaf_streak_(black_chaff),92,10,13,115,0,115,250,400,500,135,285,385,disease,high,
wheat__head_scab,wheat,head_scab,221,24,30,275,0,275,250,400,500,0,125,225,disease,high,
wheat__leaf_rust,wheat,leaf_rust,105,12,11,128,0,128,250,400,500,122,272,372,disease,high,
wheat__loose_smut,wheat,loose_smut,154,17,19,190,0,190,250,400,500,60,210,310,disease,high,
wheat__powdery_mildew,wheat,powdery_mildew,211,24,27,262,0,262,250,400,500,0,138,238,disease,high,
wheat__septoria_blotch,wheat,septoria_blotch,164,18,19,201,0,201,250,400,500,49,199,299,disease,high,
wheat__stem_rust,wheat,stem_rust,111,12,13,136,0,136,250,400,500,114,264,364,disease,high,
wheat__stripe_rust,wheat,stripe_rust,264,29,32,325,0,325,250,400,500,0,75,175,disease,high,
zucchini__bacterial_wilt,zucchini,bacterial_wilt,53,6,9,68,0,68,250,400,500,182,332,432,disease,high,
zucchini__downy_mildew,zucchini,downy_mildew,34,4,5,43,0,43,250,400,500,207,357,457,disease,high,
zucchini__powdery_mildew,zucchini,powdery_mildew,164,18,18,200,0,200,250,400,500,50,200,300,disease,high,
zucchini__yellow_mosaic_virus,zucchini,yellow_mosaic_virus,77,9,9,95,0,95,250,400,500,155,305,405,disease,high,
