class_id,class_name,precision,recall,f1_score,support,train_samples,imbalance_tier
0,healthy,0.9876,0.9971,0.9924,1041,4857,>=100
1,apple__black_rot,0.6667,0.4000,0.5000,10,44,20-49
2,apple__mosaic_virus,0.7273,0.7273,0.7273,11,51,50-99
3,apple__rust,0.8182,0.6429,0.7200,14,69,50-99
4,apple__scab,0.7500,0.6000,0.6667,25,116,>=100
5,banana__anthracnose,0.8750,1.0000,0.9333,7,34,20-49
6,banana__black_leaf_streak,0.7500,0.8824,0.8108,17,76,50-99
7,banana__bunchy_top,1.0000,0.9091,0.9524,11,50,50-99
8,banana__cigar_end_rot,0.6000,0.7500,0.6667,4,22,20-49
9,banana__cordana_leaf_spot,0.3333,0.2500,0.2857,4,20,20-49
10,banana__panama_disease,0.8750,0.8750,0.8750,8,34,20-49
11,basil__downy_mildew,0.6667,0.6667,0.6667,6,29,20-49
12,bean__angular_leaf_spot,0.9672,0.9077,0.9365,65,302,>=100
13,bean__halo_blight,0.5000,0.3333,0.4000,6,24,20-49
14,bean__mosaic_virus,0.2000,0.4000,0.2667,5,23,20-49
15,bean__rust,0.8272,0.8701,0.8481,77,357,>=100
16,bell_pepper__bacterial_spot,1.0000,0.4286,0.6000,7,33,20-49
17,bell_pepper__blossom_end_rot,0.7333,1.0000,0.8462,11,55,50-99
18,bell_pepper__frogeye_leaf_spot,0.0000,0.0000,0.0000,4,16,<20
19,bell_pepper__powdery_mildew,0.6667,1.0000,0.8000,2,13,<20
20,blueberry__anthracnose,0.6000,0.7500,0.6667,4,18,<20
21,blueberry__botrytis_blight,1.0000,0.6667,0.8000,3,13,<20
22,blueberry__mummy_berry,0.7500,0.7500,0.7500,4,20,20-49
23,blueberry__rust,0.5000,0.6000,0.5455,5,23,20-49
24,blueberry__scorch,0.6000,0.6000,0.6000,5,22,20-49
25,broccoli__alternaria_leaf_spot,0.8000,0.5000,0.6154,8,37,20-49
26,broccoli__downy_mildew,0.6667,0.5000,0.5714,4,16,<20
27,broccoli__ring_spot,0.0000,0.0000,0.0000,1,5,<20
28,cabbage__alternaria_leaf_spot,0.1429,0.1667,0.1538,6,25,20-49
29,cabbage__black_rot,0.8000,0.9231,0.8571,13,62,50-99
30,cabbage__downy_mildew,0.5000,0.5000,0.5000,8,34,20-49
31,carrot__alternaria_leaf_blight,0.6667,0.8571,0.7500,7,31,20-49
32,carrot__cavity_spot,1.0000,1.0000,1.0000,7,29,20-49
33,carrot__cercospora_leaf_blight,0.5000,0.3333,0.4000,3,11,<20
34,cauliflower__alternaria_leaf_spot,0.0000,0.0000,0.0000,4,19,<20
35,cauliflower__bacterial_soft_rot,0.0000,0.0000,0.0000,2,13,<20
36,celery__anthracnose,0.5000,1.0000,0.6667,1,8,<20
37,celery__early_blight,0.5000,0.4000,0.4444,5,20,20-49
38,cherry__leaf_spot,1.0000,0.5000,0.6667,10,46,20-49
39,cherry__powdery_mildew,0.0000,0.0000,0.0000,3,18,<20
40,citrus__canker,0.8800,0.9167,0.8980,48,225,>=100
41,citrus__greening_disease,0.7059,0.8571,0.7742,14,65,50-99
42,coffee__berry_blotch,0.8000,0.8889,0.8421,9,46,20-49
43,coffee__black_rot,0.0000,0.0000,0.0000,0,2,<20
44,coffee__brown_eye_spot,0.0000,0.0000,0.0000,1,8,<20
45,coffee__leaf_rust,0.8667,0.8125,0.8387,16,75,50-99
46,corn__gray_leaf_spot,0.5556,0.4167,0.4762,12,53,50-99
47,corn__northern_leaf_blight,0.8462,0.7857,0.8148,14,64,50-99
48,corn__rust,0.8000,0.6667,0.7273,18,84,50-99
49,corn__smut,0.9474,0.9474,0.9474,19,92,50-99
50,cucumber__angular_leaf_spot,0.8750,0.9545,0.9130,22,104,>=100
51,cucumber__bacterial_wilt,0.9231,0.9231,0.9231,13,57,50-99
52,cucumber__powdery_mildew,0.6296,0.7727,0.6939,22,106,>=100
53,eggplant__cercospora_leaf_spot,0.6667,0.3333,0.4444,6,25,20-49
54,eggplant__phomopsis_fruit_rot,0.6000,0.6000,0.6000,5,22,20-49
55,eggplant__phytophthora_blight,1.0000,0.2500,0.4000,4,15,<20
56,garlic__leaf_blight,0.4375,0.5833,0.5000,12,55,50-99
57,garlic__rust,0.6000,0.7500,0.6667,12,56,50-99
58,ginger__leaf_spot,0.5000,0.5000,0.5000,4,15,<20
59,ginger__sheath_blight,0.2222,0.2500,0.2353,8,40,20-49
60,grape__black_rot,0.7857,0.8462,0.8148,13,61,50-99
61,grape__downy_mildew,0.8571,0.7500,0.8000,32,146,>=100
62,grape__grapevine_leafroll_disease,0.7143,1.0000,0.8333,5,22,20-49
63,grape__leaf_spot,0.7143,0.5000,0.5882,10,46,20-49
64,lettuce__downy_mildew,0.8571,0.7500,0.8000,8,37,20-49
65,lettuce__mosaic_virus,0.5000,0.5000,0.5000,4,15,<20
66,maple__tar_spot,1.0000,1.0000,1.0000,8,40,20-49
67,peach__anthracnose,0.5000,1.0000,0.6667,1,7,<20
68,peach__brown_rot,0.9286,0.9286,0.9286,14,65,50-99
69,peach__leaf_curl,0.8571,1.0000,0.9231,18,85,50-99
70,peach__rust,0.0000,0.0000,0.0000,1,3,<20
71,peach__scab,0.8000,1.0000,0.8889,8,37,20-49
72,plum__bacterial_spot,0.0000,0.0000,0.0000,1,7,<20
73,plum__brown_rot,0.7143,1.0000,0.8333,5,27,20-49
74,plum__pocket_disease,0.2000,0.2500,0.2222,4,20,20-49
75,plum__pox_virus,1.0000,0.2500,0.4000,4,15,<20
76,plum__rust,0.0000,0.0000,0.0000,2,12,<20
77,potato__early_blight,0.7778,0.7000,0.7368,10,46,20-49
78,potato__late_blight,0.8333,0.8333,0.8333,12,53,50-99
79,raspberry__fire_blight,0.5000,0.5000,0.5000,4,16,<20
80,raspberry__gray_mold,1.0000,1.0000,1.0000,2,12,<20
81,raspberry__leaf_spot,0.0000,0.0000,0.0000,1,8,<20
82,raspberry__yellow_rust,1.0000,1.0000,1.0000,4,15,<20
83,rice__blast,0.6000,0.4286,0.5000,7,35,20-49
84,rice__sheath_blight,0.3571,0.6250,0.4545,8,36,20-49
85,soybean__bacterial_blight,0.4167,0.5556,0.4762,9,42,20-49
86,soybean__brown_spot,0.6667,0.2857,0.4000,7,33,20-49
87,soybean__downy_mildew,0.7692,0.9091,0.8333,11,50,50-99
88,soybean__frog_eye_leaf_spot,0.7727,0.8095,0.7907,21,97,50-99
89,soybean__mosaic,0.5385,0.5385,0.5385,13,62,50-99
90,soybean__rust,0.3333,0.5556,0.4167,9,46,20-49
91,squash__powdery_mildew,0.4118,0.3500,0.3784,20,96,50-99
92,strawberry__anthracnose,1.0000,0.8000,0.8889,5,21,20-49
93,strawberry__leaf_scorch,0.6000,1.0000,0.7500,3,13,<20
94,tobacco__blue_mold,0.5714,0.8000,0.6667,5,24,20-49
95,tobacco__brown_spot,0.8333,0.7143,0.7692,7,32,20-49
96,tobacco__frogeye_leaf_spot,0.1667,0.3333,0.2222,3,10,<20
97,tobacco__mosaic_virus,0.6000,0.6000,0.6000,5,20,20-49
98,tomato__bacterial_leaf_spot,0.4706,0.6154,0.5333,13,62,50-99
99,tomato__early_blight,0.8000,0.7273,0.7619,22,102,>=100
100,tomato__late_blight,0.8000,0.7059,0.7500,17,82,50-99
101,tomato__leaf_mold,0.8000,0.7500,0.7742,16,71,50-99
102,tomato__mosaic_virus,0.6667,0.2857,0.4000,7,30,20-49
103,tomato__septoria_leaf_spot,0.3333,0.3571,0.3448,14,64,50-99
104,tomato__yellow_leaf_curl_virus,0.7500,0.6667,0.7059,9,41,20-49
105,wheat__bacterial_leaf_streak_(black_chaff),0.5385,0.5385,0.5385,13,57,50-99
106,wheat__head_scab,0.9032,0.9333,0.9180,30,139,>=100
107,wheat__leaf_rust,0.4000,0.5455,0.4615,11,51,50-99
108,wheat__loose_smut,0.9000,0.9474,0.9231,19,89,50-99
109,wheat__powdery_mildew,0.8333,0.5556,0.6667,27,122,>=100
110,wheat__septoria_blotch,0.5238,0.5789,0.5500,19,86,50-99
111,wheat__stem_rust,0.8462,0.8462,0.8462,13,58,50-99
112,wheat__stripe_rust,0.7812,0.7812,0.7812,32,148,>=100
113,zucchini__bacterial_wilt,0.5000,0.6667,0.5714,9,39,20-49
114,zucchini__downy_mildew,1.0000,0.2000,0.3333,5,22,20-49
115,zucchini__powdery_mildew,0.4118,0.3889,0.4000,18,87,50-99
116,zucchini__yellow_mosaic_virus,1.0000,0.7778,0.8750,9,39,20-49
