epoch,stage,learning_rate,train_loss,train_accuracy,train_macro_f1,train_weighted_f1,val_loss,val_accuracy,val_macro_f1,val_weighted_f1,val_healthy_f1,val_disease_macro_f1,best_val_macro_f1,best_epoch,epoch_time_seconds,gpu_memory_mb
1,finetune_v2,9.939057e-05,0.7872,0.8562,0.7461,0.8562,0.3708,0.9004,0.8039,0.8985,0.9949,0.8022,0.8039,1,216.00,3017.98
2,finetune_v2,9.757730e-05,0.5575,0.8918,0.8074,0.8918,0.3584,0.9057,0.8135,0.9035,0.9949,0.8119,0.8135,2,188.10,3017.98
3,finetune_v2,9.460482e-05,0.4387,0.9095,0.8483,0.9096,0.3676,0.8963,0.7835,0.8936,0.9941,0.7817,0.8135,2,191.16,3017.98
4,finetune_v2,9.054634e-05,0.3458,0.9246,0.8761,0.9246,0.3805,0.8933,0.7790,0.8905,0.9932,0.7772,0.8135,2,199.10,3017.98
5,finetune_v2,8.550179e-05,0.2837,0.9367,0.8975,0.9367,0.3932,0.8869,0.7816,0.8843,0.9916,0.7798,0.8135,2,194.93,3017.98
6,finetune_v2,7.959537e-05,0.2368,0.9503,0.9221,0.9503,0.3894,0.8939,0.7828,0.8917,0.9966,0.7810,0.8135,2,196.37,3017.98
7,finetune_v2,7.297253e-05,0.2043,0.9561,0.9305,0.9561,0.3874,0.8898,0.7776,0.8873,0.9941,0.7757,0.8135,2,188.37,3017.98
8,finetune_v2,6.579634e-05,0.1823,0.9594,0.9360,0.9595,0.3921,0.8945,0.7865,0.8908,0.9924,0.7847,0.8135,2,194.19,3017.98
9,finetune_v2,5.824351e-05,0.1511,0.9669,0.9494,0.9669,0.3788,0.8945,0.7856,0.8918,0.9941,0.7838,0.8135,2,175.40,3017.98
10,finetune_v2,5.050000e-05,0.1395,0.9688,0.9500,0.9688,0.3920,0.9004,0.7897,0.8976,0.9949,0.7879,0.8135,2,195.37,3017.98
11,finetune_v2,4.275649e-05,0.1263,0.9735,0.9582,0.9736,0.3924,0.8986,0.7954,0.8955,0.9941,0.7937,0.8135,2,193.18,3017.98
12,finetune_v2,3.520366e-05,0.1149,0.9754,0.9609,0.9754,0.3960,0.8981,0.7824,0.8943,0.9966,0.7805,0.8135,2,207.67,3017.98
