true_class,pred_class,true_crop,pred_crop,is_same_crop,error_count
bean__angular_leaf_spot,bean__rust,Bean,Bean,True,6
tomato__septoria_leaf_spot,tomato__bacterial_leaf_spot,Tomato,Tomato,True,6
corn__gray_leaf_spot,corn__rust,Corn,Corn,True,3
soybean__bacterial_blight,soybean__rust,Soybean,Soybean,True,3
soybean__brown_spot,soybean__bacterial_blight,Soybean,Soybean,True,3
wheat__bacterial_leaf_streak_(black_chaff),wheat__septoria_blotch,Wheat,Wheat,True,3
wheat__leaf_rust,wheat__stripe_rust,Wheat,Wheat,True,3
wheat__septoria_blotch,wheat__stripe_rust,Wheat,Wheat,True,3
wheat__stripe_rust,wheat__leaf_rust,Wheat,Wheat,True,3
apple__rust,apple__scab,Apple,Apple,True,2
bean__halo_blight,bean__mosaic_virus,Bean,Bean,True,2
bean__rust,bean__angular_leaf_spot,Bean,Bean,True,2
bean__rust,healthy,Bean,Capsicum,True,2
bell_pepper__bacterial_spot,bell_pepper__blossom_end_rot,Bell Pepper,Bell Pepper,True,2
blueberry__rust,blueberry__anthracnose,Blueberry,Blueberry,True,2
garlic__rust,garlic__leaf_blight,Garlic,Garlic,True,2
tomato__bacterial_leaf_spot,tomato__septoria_leaf_spot,Tomato,Tomato,True,2
tomato__mosaic_virus,tomato__yellow_leaf_curl_virus,Tomato,Tomato,True,2
wheat__bacterial_leaf_streak_(black_chaff),wheat__head_scab,Wheat,Wheat,True,2
wheat__head_scab,wheat__bacterial_leaf_streak_(black_chaff),Wheat,Wheat,True,2
wheat__powdery_mildew,wheat__leaf_rust,Wheat,Wheat,True,2
wheat__powdery_mildew,wheat__septoria_blotch,Wheat,Wheat,True,2
wheat__stripe_rust,wheat__stem_rust,Wheat,Wheat,True,2
healthy,cabbage__black_rot,Capsicum,Cabbage,True,1
healthy,soybean__mosaic,Capsicum,Soybean,True,1
healthy,coffee__berry_blotch,Capsicum,Coffee,True,1
apple__black_rot,apple__scab,Apple,Apple,True,1
apple__black_rot,apple__rust,Apple,Apple,True,1
apple__mosaic_virus,healthy,Apple,Capsicum,True,1
apple__rust,apple__black_rot,Apple,Apple,True,1
apple__scab,apple__mosaic_virus,Apple,Apple,True,1
apple__scab,apple__black_rot,Apple,Apple,True,1
apple__scab,healthy,Apple,Capsicum,True,1
banana__black_leaf_streak,banana__panama_disease,Banana,Banana,True,1
banana__black_leaf_streak,banana__cordana_leaf_spot,Banana,Banana,True,1
banana__bunchy_top,banana__cordana_leaf_spot,Banana,Banana,True,1
banana__cigar_end_rot,banana__anthracnose,Banana,Banana,True,1
banana__cordana_leaf_spot,banana__black_leaf_streak,Banana,Banana,True,1
banana__cordana_leaf_spot,banana__cigar_end_rot,Banana,Banana,True,1
banana__panama_disease,banana__black_leaf_streak,Banana,Banana,True,1
blueberry__anthracnose,blueberry__mummy_berry,Blueberry,Blueberry,True,1
blueberry__botrytis_blight,blueberry__scorch,Blueberry,Blueberry,True,1
blueberry__mummy_berry,blueberry__rust,Blueberry,Blueberry,True,1
cabbage__downy_mildew,cabbage__black_rot,Cabbage,Cabbage,True,1
carrot__cercospora_leaf_blight,carrot__alternaria_leaf_blight,Carrot,Carrot,True,1
cauliflower__bacterial_soft_rot,cauliflower__alternaria_leaf_spot,Cauliflower,Cauliflower,True,1
celery__early_blight,healthy,Celery,Capsicum,True,1
citrus__canker,citrus__greening_disease,Citrus,Citrus,True,1
coffee__berry_blotch,coffee__brown_eye_spot,Coffee,Coffee,True,1
corn__gray_leaf_spot,corn__northern_leaf_blight,Corn,Corn,True,1
corn__northern_leaf_blight,corn__gray_leaf_spot,Corn,Corn,True,1
corn__rust,corn__gray_leaf_spot,Corn,Corn,True,1
cucumber__powdery_mildew,healthy,Cucumber,Capsicum,True,1
eggplant__phytophthora_blight,eggplant__phomopsis_fruit_rot,Eggplant,Eggplant,True,1
garlic__leaf_blight,garlic__rust,Garlic,Garlic,True,1
ginger__leaf_spot,ginger__sheath_blight,Ginger,Ginger,True,1
grape__black_rot,grape__leaf_spot,Grape,Grape,True,1
grape__downy_mildew,grape__black_rot,Grape,Grape,True,1
grape__downy_mildew,healthy,Grape,Capsicum,True,1
grape__leaf_spot,grape__downy_mildew,Grape,Grape,True,1
lettuce__mosaic_virus,healthy,Lettuce,Capsicum,True,1
peach__rust,peach__leaf_curl,Peach,Peach,True,1
plum__pocket_disease,healthy,Plum,Capsicum,True,1
plum__pocket_disease,plum__brown_rot,Plum,Plum,True,1
potato__early_blight,potato__late_blight,Potato,Potato,True,1
raspberry__leaf_spot,healthy,Raspberry,Capsicum,True,1
soybean__bacterial_blight,soybean__frog_eye_leaf_spot,Soybean,Soybean,True,1
soybean__downy_mildew,soybean__rust,Soybean,Soybean,True,1
soybean__frog_eye_leaf_spot,soybean__bacterial_blight,Soybean,Soybean,True,1
soybean__frog_eye_leaf_spot,soybean__brown_spot,Soybean,Soybean,True,1
soybean__frog_eye_leaf_spot,soybean__rust,Soybean,Soybean,True,1
soybean__mosaic,soybean__downy_mildew,Soybean,Soybean,True,1
soybean__rust,soybean__bacterial_blight,Soybean,Soybean,True,1
strawberry__anthracnose,strawberry__leaf_scorch,Strawberry,Strawberry,True,1
tobacco__brown_spot,tobacco__frogeye_leaf_spot,Tobacco,Tobacco,True,1
tobacco__frogeye_leaf_spot,tobacco__blue_mold,Tobacco,Tobacco,True,1
tobacco__frogeye_leaf_spot,tobacco__brown_spot,Tobacco,Tobacco,True,1
tobacco__mosaic_virus,tobacco__blue_mold,Tobacco,Tobacco,True,1
tomato__bacterial_leaf_spot,tomato__early_blight,Tomato,Tomato,True,1
tomato__early_blight,tomato__septoria_leaf_spot,Tomato,Tomato,True,1
tomato__early_blight,tomato__late_blight,Tomato,Tomato,True,1
tomato__early_blight,tomato__bacterial_leaf_spot,Tomato,Tomato,True,1
tomato__late_blight,tomato__leaf_mold,Tomato,Tomato,True,1
tomato__late_blight,healthy,Tomato,Capsicum,True,1
tomato__leaf_mold,tomato__late_blight,Tomato,Tomato,True,1
tomato__septoria_leaf_spot,tomato__early_blight,Tomato,Tomato,True,1
tomato__yellow_leaf_curl_virus,healthy,Tomato,Capsicum,True,1
tomato__yellow_leaf_curl_virus,tomato__mosaic_virus,Tomato,Tomato,True,1
wheat__bacterial_leaf_streak_(black_chaff),wheat__powdery_mildew,Wheat,Wheat,True,1
wheat__leaf_rust,wheat__bacterial_leaf_streak_(black_chaff),Wheat,Wheat,True,1
wheat__loose_smut,wheat__powdery_mildew,Wheat,Wheat,True,1
wheat__powdery_mildew,wheat__head_scab,Wheat,Wheat,True,1
wheat__powdery_mildew,wheat__bacterial_leaf_streak_(black_chaff),Wheat,Wheat,True,1
wheat__septoria_blotch,wheat__bacterial_leaf_streak_(black_chaff),Wheat,Wheat,True,1
wheat__septoria_blotch,wheat__leaf_rust,Wheat,Wheat,True,1
wheat__stem_rust,wheat__septoria_blotch,Wheat,Wheat,True,1
wheat__stem_rust,wheat__leaf_rust,Wheat,Wheat,True,1
zucchini__bacterial_wilt,healthy,Zucchini,Capsicum,True,1
zucchini__yellow_mosaic_virus,zucchini__powdery_mildew,Zucchini,Zucchini,True,1
squash__powdery_mildew,zucchini__powdery_mildew,Squash,Zucchini,False,7
ginger__sheath_blight,rice__sheath_blight,Ginger,Rice,False,5
zucchini__powdery_mildew,squash__powdery_mildew,Zucchini,Squash,False,5
squash__powdery_mildew,cucumber__powdery_mildew,Squash,Cucumber,False,4
zucchini__powdery_mildew,cucumber__powdery_mildew,Zucchini,Cucumber,False,4
bean__rust,soybean__rust,Bean,Soybean,False,3
cucumber__powdery_mildew,squash__powdery_mildew,Cucumber,Squash,False,3
rice__sheath_blight,ginger__sheath_blight,Rice,Ginger,False,3
soybean__mosaic,bean__mosaic_virus,Soybean,Bean,False,3
wheat__powdery_mildew,garlic__leaf_blight,Wheat,Garlic,False,3
apple__scab,peach__scab,Apple,Peach,False,2
bean__mosaic_virus,soybean__mosaic,Bean,Soybean,False,2
bell_pepper__frogeye_leaf_spot,soybean__frog_eye_leaf_spot,Bell Pepper,Soybean,False,2
broccoli__alternaria_leaf_spot,cabbage__alternaria_leaf_spot,Broccoli,Cabbage,False,2
cauliflower__alternaria_leaf_spot,cabbage__alternaria_leaf_spot,Cauliflower,Cabbage,False,2
coffee__leaf_rust,citrus__greening_disease,Coffee,Citrus,False,2
corn__rust,wheat__leaf_rust,Corn,Wheat,False,2
corn__rust,wheat__septoria_blotch,Corn,Wheat,False,2
eggplant__cercospora_leaf_spot,tomato__septoria_leaf_spot,Eggplant,Tomato,False,2
garlic__leaf_blight,ginger__sheath_blight,Garlic,Ginger,False,2
plum__pox_virus,bean__mosaic_virus,Plum,Bean,False,2
soybean__brown_spot,bean__rust,Soybean,Bean,False,2
soybean__rust,bean__rust,Soybean,Bean,False,2
tomato__leaf_mold,cucumber__powdery_mildew,Tomato,Cucumber,False,2
wheat__powdery_mildew,rice__sheath_blight,Wheat,Rice,False,2
zucchini__downy_mildew,cucumber__angular_leaf_spot,Zucchini,Cucumber,False,2
apple__black_rot,peach__anthracnose,Apple,Peach,False,1
apple__black_rot,peach__brown_rot,Apple,Peach,False,1
apple__black_rot,grape__black_rot,Apple,Grape,False,1
apple__black_rot,grape__grapevine_leafroll_disease,Apple,Grape,False,1
apple__mosaic_virus,soybean__downy_mildew,Apple,Soybean,False,1
apple__mosaic_virus,soybean__mosaic,Apple,Soybean,False,1
apple__rust,coffee__leaf_rust,Apple,Coffee,False,1
apple__rust,banana__cigar_end_rot,Apple,Banana,False,1
apple__scab,citrus__canker,Apple,Citrus,False,1
apple__scab,citrus__greening_disease,Apple,Citrus,False,1
apple__scab,peach__leaf_curl,Apple,Peach,False,1
apple__scab,blueberry__rust,Apple,Blueberry,False,1
apple__scab,cherry__powdery_mildew,Apple,Cherry,False,1
banana__cordana_leaf_spot,corn__gray_leaf_spot,Banana,Corn,False,1
basil__downy_mildew,tomato__septoria_leaf_spot,Basil,Tomato,False,1
basil__downy_mildew,tomato__leaf_mold,Basil,Tomato,False,1
bean__halo_blight,soybean__rust,Bean,Soybean,False,1
bean__halo_blight,tomato__leaf_mold,Bean,Tomato,False,1
bean__mosaic_virus,tobacco__blue_mold,Bean,Tobacco,False,1
bean__rust,apple__mosaic_virus,Bean,Apple,False,1
bean__rust,soybean__bacterial_blight,Bean,Soybean,False,1
bean__rust,plum__brown_rot,Bean,Plum,False,1
bell_pepper__bacterial_spot,bean__halo_blight,Bell Pepper,Bean,False,1
bell_pepper__bacterial_spot,citrus__canker,Bell Pepper,Citrus,False,1
bell_pepper__frogeye_leaf_spot,tobacco__frogeye_leaf_spot,Bell Pepper,Tobacco,False,1
bell_pepper__frogeye_leaf_spot,bean__rust,Bell Pepper,Bean,False,1
blueberry__scorch,raspberry__fire_blight,Blueberry,Raspberry,False,1
blueberry__scorch,citrus__canker,Blueberry,Citrus,False,1
broccoli__alternaria_leaf_spot,tomato__early_blight,Broccoli,Tomato,False,1
broccoli__alternaria_leaf_spot,eggplant__cercospora_leaf_spot,Broccoli,Eggplant,False,1
broccoli__downy_mildew,cabbage__black_rot,Broccoli,Cabbage,False,1
broccoli__downy_mildew,cabbage__downy_mildew,Broccoli,Cabbage,False,1
broccoli__ring_spot,cabbage__downy_mildew,Broccoli,Cabbage,False,1
cabbage__alternaria_leaf_spot,tobacco__frogeye_leaf_spot,Cabbage,Tobacco,False,1
cabbage__alternaria_leaf_spot,broccoli__alternaria_leaf_spot,Cabbage,Broccoli,False,1
cabbage__alternaria_leaf_spot,grape__leaf_spot,Cabbage,Grape,False,1
cabbage__alternaria_leaf_spot,bell_pepper__frogeye_leaf_spot,Cabbage,Bell Pepper,False,1
cabbage__alternaria_leaf_spot,lettuce__downy_mildew,Cabbage,Lettuce,False,1
cabbage__black_rot,lettuce__mosaic_virus,Cabbage,Lettuce,False,1
cabbage__downy_mildew,tomato__septoria_leaf_spot,Cabbage,Tomato,False,1
cabbage__downy_mildew,wheat__powdery_mildew,Cabbage,Wheat,False,1
cabbage__downy_mildew,broccoli__downy_mildew,Cabbage,Broccoli,False,1
carrot__alternaria_leaf_blight,raspberry__fire_blight,Carrot,Raspberry,False,1
carrot__cercospora_leaf_blight,celery__early_blight,Carrot,Celery,False,1
cauliflower__alternaria_leaf_spot,broccoli__ring_spot,Cauliflower,Broccoli,False,1
cauliflower__alternaria_leaf_spot,tomato__septoria_leaf_spot,Cauliflower,Tomato,False,1
cauliflower__bacterial_soft_rot,corn__smut,Cauliflower,Corn,False,1
celery__early_blight,rice__blast,Celery,Rice,False,1
celery__early_blight,carrot__cercospora_leaf_blight,Celery,Carrot,False,1
cherry__leaf_spot,apple__mosaic_virus,Cherry,Apple,False,1
cherry__leaf_spot,plum__pocket_disease,Cherry,Plum,False,1
cherry__leaf_spot,coffee__leaf_rust,Cherry,Coffee,False,1
cherry__leaf_spot,bell_pepper__frogeye_leaf_spot,Cherry,Bell Pepper,False,1
cherry__leaf_spot,coffee__berry_blotch,Cherry,Coffee,False,1
cherry__powdery_mildew,squash__powdery_mildew,Cherry,Squash,False,1
cherry__powdery_mildew,citrus__canker,Cherry,Citrus,False,1
cherry__powdery_mildew,apple__rust,Cherry,Apple,False,1
citrus__canker,tobacco__frogeye_leaf_spot,Citrus,Tobacco,False,1
citrus__canker,peach__leaf_curl,Citrus,Peach,False,1
citrus__canker,soybean__frog_eye_leaf_spot,Citrus,Soybean,False,1
citrus__greening_disease,basil__downy_mildew,Citrus,Basil,False,1
citrus__greening_disease,plum__pocket_disease,Citrus,Plum,False,1
coffee__brown_eye_spot,citrus__canker,Coffee,Citrus,False,1
coffee__leaf_rust,soybean__mosaic,Coffee,Soybean,False,1
corn__gray_leaf_spot,wheat__septoria_blotch,Corn,Wheat,False,1
corn__gray_leaf_spot,banana__black_leaf_streak,Corn,Banana,False,1
corn__gray_leaf_spot,rice__sheath_blight,Corn,Rice,False,1
corn__northern_leaf_blight,ginger__leaf_spot,Corn,Ginger,False,1
corn__northern_leaf_blight,wheat__loose_smut,Corn,Wheat,False,1
corn__rust,garlic__leaf_blight,Corn,Garlic,False,1
corn__smut,garlic__leaf_blight,Corn,Garlic,False,1
cucumber__angular_leaf_spot,bean__rust,Cucumber,Bean,False,1
cucumber__bacterial_wilt,zucchini__bacterial_wilt,Cucumber,Zucchini,False,1
cucumber__powdery_mildew,zucchini__powdery_mildew,Cucumber,Zucchini,False,1
eggplant__cercospora_leaf_spot,plum__bacterial_spot,Eggplant,Plum,False,1
eggplant__cercospora_leaf_spot,tomato__bacterial_leaf_spot,Eggplant,Tomato,False,1
eggplant__phomopsis_fruit_rot,bell_pepper__blossom_end_rot,Eggplant,Bell Pepper,False,1
eggplant__phomopsis_fruit_rot,tomato__bacterial_leaf_spot,Eggplant,Tomato,False,1
eggplant__phytophthora_blight,potato__late_blight,Eggplant,Potato,False,1
eggplant__phytophthora_blight,ginger__sheath_blight,Eggplant,Ginger,False,1
garlic__leaf_blight,wheat__septoria_blotch,Garlic,Wheat,False,1
garlic__leaf_blight,rice__sheath_blight,Garlic,Rice,False,1
garlic__rust,wheat__stripe_rust,Garlic,Wheat,False,1
ginger__leaf_spot,corn__gray_leaf_spot,Ginger,Corn,False,1
ginger__sheath_blight,eggplant__phomopsis_fruit_rot,Ginger,Eggplant,False,1
grape__black_rot,tobacco__frogeye_leaf_spot,Grape,Tobacco,False,1
grape__downy_mildew,blueberry__scorch,Grape,Blueberry,False,1
grape__downy_mildew,squash__powdery_mildew,Grape,Squash,False,1
grape__downy_mildew,zucchini__powdery_mildew,Grape,Zucchini,False,1
grape__downy_mildew,garlic__leaf_blight,Grape,Garlic,False,1
grape__downy_mildew,strawberry__leaf_scorch,Grape,Strawberry,False,1
grape__downy_mildew,plum__pocket_disease,Grape,Plum,False,1
grape__leaf_spot,zucchini__bacterial_wilt,Grape,Zucchini,False,1
grape__leaf_spot,tomato__early_blight,Grape,Tomato,False,1
grape__leaf_spot,bean__rust,Grape,Bean,False,1
grape__leaf_spot,bean__halo_blight,Grape,Bean,False,1
lettuce__downy_mildew,cabbage__downy_mildew,Lettuce,Cabbage,False,1
lettuce__downy_mildew,bell_pepper__powdery_mildew,Lettuce,Bell Pepper,False,1
lettuce__mosaic_virus,tobacco__mosaic_virus,Lettuce,Tobacco,False,1
peach__brown_rot,plum__pocket_disease,Peach,Plum,False,1
plum__bacterial_spot,apple__scab,Plum,Apple,False,1
plum__pocket_disease,wheat__loose_smut,Plum,Wheat,False,1
plum__pox_virus,apple__scab,Plum,Apple,False,1
plum__rust,bean__rust,Plum,Bean,False,1
plum__rust,soybean__rust,Plum,Soybean,False,1
potato__early_blight,tomato__septoria_leaf_spot,Potato,Tomato,False,1
potato__early_blight,soybean__frog_eye_leaf_spot,Potato,Soybean,False,1
potato__late_blight,tomato__late_blight,Potato,Tomato,False,1
potato__late_blight,zucchini__bacterial_wilt,Potato,Zucchini,False,1
raspberry__fire_blight,zucchini__bacterial_wilt,Raspberry,Zucchini,False,1
raspberry__fire_blight,carrot__alternaria_leaf_blight,Raspberry,Carrot,False,1
rice__blast,ginger__leaf_spot,Rice,Ginger,False,1
rice__blast,banana__black_leaf_streak,Rice,Banana,False,1
rice__blast,garlic__rust,Rice,Garlic,False,1
rice__blast,wheat__bacterial_leaf_streak_(black_chaff),Rice,Wheat,False,1
soybean__frog_eye_leaf_spot,blueberry__rust,Soybean,Blueberry,False,1
soybean__mosaic,citrus__greening_disease,Soybean,Citrus,False,1
soybean__mosaic,tobacco__mosaic_virus,Soybean,Tobacco,False,1
soybean__rust,cucumber__angular_leaf_spot,Soybean,Cucumber,False,1
squash__powdery_mildew,zucchini__bacterial_wilt,Squash,Zucchini,False,1
squash__powdery_mildew,grape__downy_mildew,Squash,Grape,False,1
tobacco__blue_mold,soybean__downy_mildew,Tobacco,Soybean,False,1
tobacco__brown_spot,cabbage__alternaria_leaf_spot,Tobacco,Cabbage,False,1
tobacco__mosaic_virus,lettuce__mosaic_virus,Tobacco,Lettuce,False,1
tomato__bacterial_leaf_spot,cabbage__downy_mildew,Tomato,Cabbage,False,1
tomato__bacterial_leaf_spot,soybean__bacterial_blight,Tomato,Soybean,False,1
tomato__early_blight,potato__early_blight,Tomato,Potato,False,1
tomato__early_blight,citrus__canker,Tomato,Citrus,False,1
tomato__early_blight,cabbage__alternaria_leaf_spot,Tomato,Cabbage,False,1
tomato__late_blight,bell_pepper__blossom_end_rot,Tomato,Bell Pepper,False,1
tomato__late_blight,celery__early_blight,Tomato,Celery,False,1
tomato__late_blight,grape__black_rot,Tomato,Grape,False,1
tomato__leaf_mold,soybean__mosaic,Tomato,Soybean,False,1
tomato__mosaic_virus,bean__mosaic_virus,Tomato,Bean,False,1
tomato__mosaic_virus,carrot__alternaria_leaf_blight,Tomato,Carrot,False,1
tomato__mosaic_virus,grape__grapevine_leafroll_disease,Tomato,Grape,False,1
tomato__septoria_leaf_spot,cauliflower__alternaria_leaf_spot,Tomato,Cauliflower,False,1
tomato__septoria_leaf_spot,potato__early_blight,Tomato,Potato,False,1
tomato__yellow_leaf_curl_virus,zucchini__bacterial_wilt,Tomato,Zucchini,False,1
wheat__leaf_rust,garlic__rust,Wheat,Garlic,False,1
wheat__powdery_mildew,garlic__rust,Wheat,Garlic,False,1
wheat__septoria_blotch,corn__northern_leaf_blight,Wheat,Corn,False,1
wheat__septoria_blotch,garlic__leaf_blight,Wheat,Garlic,False,1
wheat__septoria_blotch,garlic__rust,Wheat,Garlic,False,1
wheat__stripe_rust,garlic__rust,Wheat,Garlic,False,1
wheat__stripe_rust,rice__blast,Wheat,Rice,False,1
zucchini__bacterial_wilt,cucumber__bacterial_wilt,Zucchini,Cucumber,False,1
zucchini__bacterial_wilt,banana__black_leaf_streak,Zucchini,Banana,False,1
zucchini__downy_mildew,basil__downy_mildew,Zucchini,Basil,False,1
zucchini__downy_mildew,grape__downy_mildew,Zucchini,Grape,False,1
zucchini__powdery_mildew,tomato__septoria_leaf_spot,Zucchini,Tomato,False,1
zucchini__powdery_mildew,grape__downy_mildew,Zucchini,Grape,False,1
zucchini__yellow_mosaic_virus,celery__anthracnose,Zucchini,Celery,False,1
