class_id,class_name,precision,recall,f1_score,support,is_healthy
0,healthy,0.9980676328502416,0.9923150816522575,0.9951830443159922,1041,1
1,apple__black_rot,0.7,0.7,0.7,10,0
2,apple__mosaic_virus,0.8181818181818182,0.8181818181818182,0.8181818181818182,11,0
3,apple__rust,1.0,0.5714285714285714,0.7272727272727273,14,0
4,apple__scab,0.7272727272727273,0.64,0.6808510638297872,25,0
5,banana__anthracnose,0.8333333333333334,0.7142857142857143,0.7692307692307693,7,0
6,banana__black_leaf_streak,0.85,1.0,0.918918918918919,17,0
7,banana__bunchy_top,1.0,0.8181818181818182,0.9,11,0
8,banana__cigar_end_rot,0.6,0.75,0.6666666666666666,4,0
9,banana__cordana_leaf_spot,0.75,0.75,0.75,4,0
10,banana__panama_disease,0.875,0.875,0.875,8,0
11,basil__downy_mildew,0.7142857142857143,0.8333333333333334,0.7692307692307693,6,0
12,bean__angular_leaf_spot,0.9692307692307692,0.9692307692307692,0.9692307692307692,65,0
13,bean__halo_blight,1.0,0.5,0.6666666666666666,6,0
14,bean__mosaic_virus,0.25,0.6,0.35294117647058826,5,0
15,bean__rust,0.8974358974358975,0.9090909090909091,0.9032258064516129,77,0
16,bell_pepper__bacterial_spot,1.0,0.7142857142857143,0.8333333333333334,7,0
17,bell_pepper__blossom_end_rot,0.9166666666666666,1.0,0.9565217391304348,11,0
18,bell_pepper__frogeye_leaf_spot,1.0,0.25,0.4,4,0
19,bell_pepper__powdery_mildew,0.3333333333333333,1.0,0.5,2,0
20,blueberry__anthracnose,0.6,0.75,0.6666666666666666,4,0
21,blueberry__botrytis_blight,0.6666666666666666,0.6666666666666666,0.6666666666666666,3,0
22,blueberry__mummy_berry,0.75,0.75,0.75,4,0
23,blueberry__rust,1.0,0.4,0.5714285714285714,5,0
24,blueberry__scorch,0.5,0.8,0.6153846153846154,5,0
25,broccoli__alternaria_leaf_spot,0.5,0.25,0.3333333333333333,8,0
26,broccoli__downy_mildew,0.3333333333333333,0.25,0.2857142857142857,4,0
27,broccoli__ring_spot,0.0,0.0,0.0,1,0
28,cabbage__alternaria_leaf_spot,0.16666666666666666,0.16666666666666666,0.16666666666666666,6,0
29,cabbage__black_rot,0.7647058823529411,1.0,0.8666666666666667,13,0
30,cabbage__downy_mildew,0.7,0.875,0.7777777777777778,8,0
31,carrot__alternaria_leaf_blight,0.8571428571428571,0.8571428571428571,0.8571428571428571,7,0
32,carrot__cavity_spot,1.0,1.0,1.0,7,0
33,carrot__cercospora_leaf_blight,0.6666666666666666,0.6666666666666666,0.6666666666666666,3,0
34,cauliflower__alternaria_leaf_spot,0.0,0.0,0.0,4,0
35,cauliflower__bacterial_soft_rot,1.0,0.5,0.6666666666666666,2,0
36,celery__anthracnose,0.25,1.0,0.4,1,0
37,celery__early_blight,0.6666666666666666,0.4,0.5,5,0
38,cherry__leaf_spot,1.0,0.8,0.8888888888888888,10,0
39,cherry__powdery_mildew,1.0,0.6666666666666666,0.8,3,0
40,citrus__canker,0.9361702127659575,0.9166666666666666,0.9263157894736842,48,0
41,citrus__greening_disease,0.65,0.9285714285714286,0.7647058823529411,14,0
42,coffee__berry_blotch,0.8888888888888888,0.8888888888888888,0.8888888888888888,9,0
43,coffee__black_rot,0.0,0.0,0.0,0,0
44,coffee__brown_eye_spot,0.5,1.0,0.6666666666666666,1,0
45,coffee__leaf_rust,0.9333333333333333,0.875,0.9032258064516129,16,0
46,corn__gray_leaf_spot,0.875,0.5833333333333334,0.7,12,0
47,corn__northern_leaf_blight,0.8125,0.9285714285714286,0.8666666666666667,14,0
48,corn__rust,1.0,0.7222222222222222,0.8387096774193549,18,0
49,corn__smut,0.9473684210526315,0.9473684210526315,0.9473684210526315,19,0
50,cucumber__angular_leaf_spot,0.8695652173913043,0.9090909090909091,0.8888888888888888,22,0
51,cucumber__bacterial_wilt,0.6470588235294118,0.8461538461538461,0.7333333333333333,13,0
52,cucumber__powdery_mildew,0.6363636363636364,0.6363636363636364,0.6363636363636364,22,0
53,eggplant__cercospora_leaf_spot,0.5714285714285714,0.6666666666666666,0.6153846153846154,6,0
54,eggplant__phomopsis_fruit_rot,1.0,0.8,0.8888888888888888,5,0
55,eggplant__phytophthora_blight,1.0,0.5,0.6666666666666666,4,0
56,garlic__leaf_blight,0.6,0.75,0.6666666666666666,12,0
57,garlic__rust,0.8181818181818182,0.75,0.782608695652174,12,0
58,ginger__leaf_spot,0.8,1.0,0.8888888888888888,4,0
59,ginger__sheath_blight,0.2222222222222222,0.25,0.23529411764705882,8,0
60,grape__black_rot,0.8571428571428571,0.9230769230769231,0.8888888888888888,13,0
61,grape__downy_mildew,0.8709677419354839,0.84375,0.8571428571428571,32,0
62,grape__grapevine_leafroll_disease,0.8333333333333334,1.0,0.9090909090909091,5,0
63,grape__leaf_spot,0.6666666666666666,0.6,0.631578947368421,10,0
64,lettuce__downy_mildew,0.6363636363636364,0.875,0.7368421052631579,8,0
65,lettuce__mosaic_virus,0.75,0.75,0.75,4,0
66,maple__tar_spot,1.0,1.0,1.0,8,0
67,peach__anthracnose,1.0,1.0,1.0,1,0
68,peach__brown_rot,0.7777777777777778,1.0,0.875,14,0
69,peach__leaf_curl,0.9473684210526315,1.0,0.972972972972973,18,0
70,peach__rust,0.0,0.0,0.0,1,0
71,peach__scab,0.8,1.0,0.8888888888888888,8,0
72,plum__bacterial_spot,0.0,0.0,0.0,1,0
73,plum__brown_rot,0.625,1.0,0.7692307692307693,5,0
74,plum__pocket_disease,0.6666666666666666,0.5,0.5714285714285714,4,0
75,plum__pox_virus,1.0,0.5,0.6666666666666666,4,0
76,plum__rust,0.0,0.0,0.0,2,0
77,potato__early_blight,0.7272727272727273,0.8,0.7619047619047619,10,0
78,potato__late_blight,0.8571428571428571,1.0,0.9230769230769231,12,0
79,raspberry__fire_blight,0.6,0.75,0.6666666666666666,4,0
80,raspberry__gray_mold,1.0,1.0,1.0,2,0
81,raspberry__leaf_spot,0.0,0.0,0.0,1,0
82,raspberry__yellow_rust,1.0,1.0,1.0,4,0
83,rice__blast,0.7142857142857143,0.7142857142857143,0.7142857142857143,7,0
84,rice__sheath_blight,0.42857142857142855,0.375,0.4,8,0
85,soybean__bacterial_blight,0.6,0.6666666666666666,0.631578947368421,9,0
86,soybean__brown_spot,0.6,0.8571428571428571,0.7058823529411765,7,0
87,soybean__downy_mildew,0.8333333333333334,0.9090909090909091,0.8695652173913043,11,0
88,soybean__frog_eye_leaf_spot,0.7307692307692307,0.9047619047619048,0.8085106382978723,21,0
89,soybean__mosaic,0.6,0.46153846153846156,0.5217391304347826,13,0
90,soybean__rust,0.8333333333333334,0.5555555555555556,0.6666666666666666,9,0
91,squash__powdery_mildew,0.46153846153846156,0.6,0.5217391304347826,20,0
92,strawberry__anthracnose,1.0,0.8,0.8888888888888888,5,0
93,strawberry__leaf_scorch,0.5,1.0,0.6666666666666666,3,0
94,tobacco__blue_mold,0.6,0.6,0.6,5,0
95,tobacco__brown_spot,0.6666666666666666,0.5714285714285714,0.6153846153846154,7,0
96,tobacco__frogeye_leaf_spot,0.3333333333333333,0.3333333333333333,0.3333333333333333,3,0
97,tobacco__mosaic_virus,0.8,0.8,0.8,5,0
98,tomato__bacterial_leaf_spot,0.5,0.5384615384615384,0.5185185185185185,13,0
99,tomato__early_blight,0.7727272727272727,0.7727272727272727,0.7727272727272727,22,0
100,tomato__late_blight,0.9285714285714286,0.7647058823529411,0.8387096774193549,17,0
101,tomato__leaf_mold,0.8666666666666667,0.8125,0.8387096774193549,16,0
102,tomato__mosaic_virus,0.0,0.0,0.0,7,0
103,tomato__septoria_leaf_spot,0.375,0.42857142857142855,0.4,14,0
104,tomato__yellow_leaf_curl_virus,0.5833333333333334,0.7777777777777778,0.6666666666666666,9,0
105,wheat__bacterial_leaf_streak_(black_chaff),0.6153846153846154,0.6153846153846154,0.6153846153846154,13,0
106,wheat__head_scab,0.8823529411764706,1.0,0.9375,30,0
107,wheat__leaf_rust,0.6666666666666666,0.7272727272727273,0.6956521739130435,11,0
108,wheat__loose_smut,1.0,0.8947368421052632,0.9444444444444444,19,0
109,wheat__powdery_mildew,0.8275862068965517,0.8888888888888888,0.8571428571428571,27,0
110,wheat__septoria_blotch,0.8823529411764706,0.7894736842105263,0.8333333333333334,19,0
111,wheat__stem_rust,1.0,0.9230769230769231,0.96,13,0
112,wheat__stripe_rust,0.7941176470588235,0.84375,0.8181818181818182,32,0
113,zucchini__bacterial_wilt,0.6,0.3333333333333333,0.42857142857142855,9,0
114,zucchini__downy_mildew,0.5,0.2,0.2857142857142857,5,0
115,zucchini__powdery_mildew,0.6,0.5,0.5454545454545454,18,0
116,zucchini__yellow_mosaic_virus,1.0,0.7777777777777778,0.875,9,0
