epoch,learning_rate,train_loss,train_accuracy,train_macro_f1,train_weighted_f1,val_loss,val_accuracy,val_macro_f1,val_weighted_f1,val_healthy_f1,val_disease_macro_f1,best_val_macro_f1,best_epoch,epoch_time_seconds,gpu_memory_mb
1,9.939057e-05,3.7094,0.4434,0.1073,0.4097,1.6766,0.6394,0.2590,0.5867,0.9636,0.2529,0.2590,1,265.96,3014.75
2,9.757730e-05,2.1221,0.6737,0.3593,0.6487,1.0076,0.7537,0.4614,0.7324,0.9848,0.4569,0.4614,2,195.61,3014.75
3,9.460482e-05,1.4199,0.7622,0.5364,0.7541,0.7725,0.7914,0.5505,0.7803,0.9898,0.5467,0.5505,3,195.32,3014.75
4,9.054634e-05,1.0531,0.8079,0.6360,0.8042,0.6739,0.8167,0.6273,0.8104,0.9907,0.6242,0.6273,4,198.07,3014.75
5,8.550179e-05,0.8269,0.8433,0.7063,0.8422,0.6098,0.8214,0.6364,0.8143,0.9890,0.6334,0.6364,5,188.87,3014.75
6,7.959537e-05,0.6902,0.8692,0.7623,0.8683,0.5809,0.8356,0.6478,0.8289,0.9949,0.6448,0.6478,6,180.18,3014.75
7,7.297253e-05,0.5673,0.8910,0.8078,0.8902,0.5649,0.8385,0.6660,0.8349,0.9924,0.6632,0.6660,7,185.67,3014.75
8,6.579634e-05,0.4896,0.9006,0.8242,0.9004,0.5571,0.8444,0.6729,0.8398,0.9916,0.6702,0.6729,8,179.67,3014.75
9,5.824351e-05,0.4025,0.9176,0.8612,0.9175,0.5466,0.8444,0.6913,0.8410,0.9915,0.6887,0.6913,9,171.18,3014.75
10,5.050000e-05,0.3688,0.9232,0.8709,0.9231,0.5345,0.8533,0.6841,0.8498,0.9949,0.6814,0.6913,9,182.44,3014.75
