"model","class","real_image_count","augmentation_needed","minimum_real_before_augmentation","transformation_policy","strength","estimated_augmentation_exposure","biological_risks","training_only","note"
"model1","gypsophila","0","hold_until_200plus","200","minimal (hflip only) until more real data acquired","hold","~3-5x effective training exposure","avoid altering flower/leaf/fruit defining appearance; no vertical flip on directional structures","YES - train only; val/test unaugmented & deterministic","ZERO - critical"
"model1","cherry_tomato","0","hold_until_200plus","200","minimal (hflip only) until more real data acquired","hold","~3-5x effective training exposure","avoid altering flower/leaf/fruit defining appearance; no vertical flip on directional structures","YES - train only; val/test unaugmented & deterministic","ZERO - critical"
"model1","gerbera","3","hold_until_200plus","200","minimal (hflip only) until more real data acquired","hold","~3-5x effective training exposure","avoid altering flower/leaf/fruit defining appearance; no vertical flip on directional structures","YES - train only; val/test unaugmented & deterministic","P1 <100"
"model1","lilium","45","hold_until_200plus","200","minimal (hflip only) until more real data acquired","hold","~3-5x effective training exposure","avoid altering flower/leaf/fruit defining appearance; no vertical flip on directional structures","YES - train only; val/test unaugmented & deterministic","P1 <100"
"model1","carnation","51","hold_until_200plus","200","minimal (hflip only) until more real data acquired","hold","~3-5x effective training exposure","avoid altering flower/leaf/fruit defining appearance; no vertical flip on directional structures","YES - train only; val/test unaugmented & deterministic","P1 <100"
"model1","basil","63","hold_until_200plus","200","minimal (hflip only) until more real data acquired","hold","~3-5x effective training exposure","avoid altering flower/leaf/fruit defining appearance; no vertical flip on directional structures","YES - train only; val/test unaugmented & deterministic","P1 <100"
"model1","celery","65","hold_until_200plus","200","minimal (hflip only) until more real data acquired","hold","~3-5x effective training exposure","avoid altering flower/leaf/fruit defining appearance; no vertical flip on directional structures","YES - train only; val/test unaugmented & deterministic","P1 <100"
"model1","ginger","91","hold_until_200plus","200","minimal (hflip only) until more real data acquired","hold","~3-5x effective training exposure","avoid altering flower/leaf/fruit defining appearance; no vertical flip on directional structures","YES - train only; val/test unaugmented & deterministic","P1 <100"
"model1","cauliflower","104","hold_until_200plus","200","minimal (hflip only) until more real data acquired","hold","~3-5x effective training exposure","avoid altering flower/leaf/fruit defining appearance; no vertical flip on directional structures","YES - train only; val/test unaugmented & deterministic","P2 100-249"
"model1","anthurium","104","hold_until_200plus","200","minimal (hflip only) until more real data acquired","hold","~3-5x effective training exposure","avoid altering flower/leaf/fruit defining appearance; no vertical flip on directional structures","YES - train only; val/test unaugmented & deterministic","P2 100-249"
"model1","maple","113","hold_until_200plus","200","minimal (hflip only) until more real data acquired","hold","~3-5x effective training exposure","avoid altering flower/leaf/fruit defining appearance; no vertical flip on directional structures","YES - train only; val/test unaugmented & deterministic","P2 100-249"
"model1","raspberry","123","hold_until_200plus","200","minimal (hflip only) until more real data acquired","hold","~3-5x effective training exposure","avoid altering flower/leaf/fruit defining appearance; no vertical flip on directional structures","YES - train only; val/test unaugmented & deterministic","P2 100-249"
"model1","eggplant","136","hold_until_200plus","200","minimal (hflip only) until more real data acquired","hold","~3-5x effective training exposure","avoid altering flower/leaf/fruit defining appearance; no vertical flip on directional structures","YES - train only; val/test unaugmented & deterministic","P2 100-249"
"model1","cherry","139","hold_until_200plus","200","minimal (hflip only) until more real data acquired","hold","~3-5x effective training exposure","avoid altering flower/leaf/fruit defining appearance; no vertical flip on directional structures","YES - train only; val/test unaugmented & deterministic","P2 100-249"
"model1","carrot","148","hold_until_200plus","200","minimal (hflip only) until more real data acquired","hold","~3-5x effective training exposure","avoid altering flower/leaf/fruit defining appearance; no vertical flip on directional structures","YES - train only; val/test unaugmented & deterministic","P2 100-249"
"model1","rice","155","yes_after_acquisition","200","hflip+small-rot+translate+scale+brightness (plant-ID preserving)","moderate","~3-5x effective training exposure","avoid altering flower/leaf/fruit defining appearance; no vertical flip on directional structures","YES - train only; val/test unaugmented & deterministic","P2 100-249"
"model1","tobacco","178","yes_after_acquisition","200","hflip+small-rot+translate+scale+brightness (plant-ID preserving)","moderate","~3-5x effective training exposure","avoid altering flower/leaf/fruit defining appearance; no vertical flip on directional structures","YES - train only; val/test unaugmented & deterministic","P2 100-249"
"model1","garlic","198","yes_after_acquisition","200","hflip+small-rot+translate+scale+brightness (plant-ID preserving)","moderate","~3-5x effective training exposure","avoid altering flower/leaf/fruit defining appearance; no vertical flip on directional structures","YES - train only; val/test unaugmented & deterministic","P2 100-249"
"model1","plum","215","yes_after_acquisition","200","hflip+small-rot+translate+scale+brightness (plant-ID preserving)","moderate","~3-5x effective training exposure","avoid altering flower/leaf/fruit defining appearance; no vertical flip on directional structures","YES - train only; val/test unaugmented & deterministic","P2 100-249"
"model1","potato","239","yes_after_acquisition","200","hflip+small-rot+translate+scale+brightness (plant-ID preserving)","moderate","~3-5x effective training exposure","avoid altering flower/leaf/fruit defining appearance; no vertical flip on directional structures","YES - train only; val/test unaugmented & deterministic","P2 100-249"
"model1","melon","247","yes_after_acquisition","200","hflip+small-rot+translate+scale+brightness (plant-ID preserving)","moderate","~3-5x effective training exposure","avoid altering flower/leaf/fruit defining appearance; no vertical flip on directional structures","YES - train only; val/test unaugmented & deterministic","P2 100-249"
"model1","geranium","251","yes_after_acquisition","200","hflip+small-rot+translate+scale+brightness (plant-ID preserving)","moderate","~3-5x effective training exposure","avoid altering flower/leaf/fruit defining appearance; no vertical flip on directional structures","YES - train only; val/test unaugmented & deterministic","P3 250-399"
"model1","cabbage","274","yes_after_acquisition","200","hflip+small-rot+translate+scale+brightness (plant-ID preserving)","moderate","~3-5x effective training exposure","avoid altering flower/leaf/fruit defining appearance; no vertical flip on directional structures","YES - train only; val/test unaugmented & deterministic","P3 250-399"
"model1","coffee","284","yes_after_acquisition","200","hflip+small-rot+translate+scale+brightness (plant-ID preserving)","moderate","~3-5x effective training exposure","avoid altering flower/leaf/fruit defining appearance; no vertical flip on directional structures","YES - train only; val/test unaugmented & deterministic","P3 250-399"
"model1","blueberry","314","yes_after_acquisition","200","hflip+small-rot+translate+scale+brightness (plant-ID preserving)","moderate","~3-5x effective training exposure","avoid altering flower/leaf/fruit defining appearance; no vertical flip on directional structures","YES - train only; val/test unaugmented & deterministic","P3 250-399"
"model1","zucchini","393","yes_after_acquisition","200","hflip+small-rot+translate+scale+brightness (plant-ID preserving)","moderate","~3-5x effective training exposure","avoid altering flower/leaf/fruit defining appearance; no vertical flip on directional structures","YES - train only; val/test unaugmented & deterministic","P3 250-399"
"model1","broccoli","414","yes_moderate","200","hflip(if botanically ok)+small-rot+mild-translate+mild-scale+brightness/contrast+limited-colour-jitter","moderate","~3-5x effective training exposure","avoid altering flower/leaf/fruit defining appearance; no vertical flip on directional structures","YES - train only; val/test unaugmented & deterministic","meets target"
"model1","chrysanthemum","418","yes_moderate","200","hflip(if botanically ok)+small-rot+mild-translate+mild-scale+brightness/contrast+limited-colour-jitter","moderate","~3-5x effective training exposure","avoid altering flower/leaf/fruit defining appearance; no vertical flip on directional structures","YES - train only; val/test unaugmented & deterministic","meets target"
"model1","peach","444","yes_moderate","200","hflip(if botanically ok)+small-rot+mild-translate+mild-scale+brightness/contrast+limited-colour-jitter","moderate","~3-5x effective training exposure","avoid altering flower/leaf/fruit defining appearance; no vertical flip on directional structures","YES - train only; val/test unaugmented & deterministic","meets target"
"model1","citrus","521","yes_moderate","200","hflip(if botanically ok)+small-rot+mild-translate+mild-scale+brightness/contrast+limited-colour-jitter","moderate","~3-5x effective training exposure","avoid altering flower/leaf/fruit defining appearance; no vertical flip on directional structures","YES - train only; val/test unaugmented & deterministic","meets target"
"model1","banana","536","yes_moderate","200","hflip(if botanically ok)+small-rot+mild-translate+mild-scale+brightness/contrast+limited-colour-jitter","moderate","~3-5x effective training exposure","avoid altering flower/leaf/fruit defining appearance; no vertical flip on directional structures","YES - train only; val/test unaugmented & deterministic","meets target"
"model1","grape","558","yes_moderate","200","hflip(if botanically ok)+small-rot+mild-translate+mild-scale+brightness/contrast+limited-colour-jitter","moderate","~3-5x effective training exposure","avoid altering flower/leaf/fruit defining appearance; no vertical flip on directional structures","YES - train only; val/test unaugmented & deterministic","meets target"
"model1","apple","566","yes_moderate","200","hflip(if botanically ok)+small-rot+mild-translate+mild-scale+brightness/contrast+limited-colour-jitter","moderate","~3-5x effective training exposure","avoid altering flower/leaf/fruit defining appearance; no vertical flip on directional structures","YES - train only; val/test unaugmented & deterministic","meets target"
"model1","corn","616","yes_moderate","200","hflip(if botanically ok)+small-rot+mild-translate+mild-scale+brightness/contrast+limited-colour-jitter","moderate","~3-5x effective training exposure","avoid altering flower/leaf/fruit defining appearance; no vertical flip on directional structures","YES - train only; val/test unaugmented & deterministic","meets target"
"model1","strawberry","630","yes_moderate","200","hflip(if botanically ok)+small-rot+mild-translate+mild-scale+brightness/contrast+limited-colour-jitter","moderate","~3-5x effective training exposure","avoid altering flower/leaf/fruit defining appearance; no vertical flip on directional structures","YES - train only; val/test unaugmented & deterministic","meets target"
"model1","spinach","630","yes_moderate","200","hflip(if botanically ok)+small-rot+mild-translate+mild-scale+brightness/contrast+limited-colour-jitter","moderate","~3-5x effective training exposure","avoid altering flower/leaf/fruit defining appearance; no vertical flip on directional structures","YES - train only; val/test unaugmented & deterministic","meets target"
"model1","wheat","630","yes_moderate","200","hflip(if botanically ok)+small-rot+mild-translate+mild-scale+brightness/contrast+limited-colour-jitter","moderate","~3-5x effective training exposure","avoid altering flower/leaf/fruit defining appearance; no vertical flip on directional structures","YES - train only; val/test unaugmented & deterministic","meets target"
"model1","tomato","630","yes_moderate","200","hflip(if botanically ok)+small-rot+mild-translate+mild-scale+brightness/contrast+limited-colour-jitter","moderate","~3-5x effective training exposure","avoid altering flower/leaf/fruit defining appearance; no vertical flip on directional structures","YES - train only; val/test unaugmented & deterministic","meets target"
"model1","french_bean","630","yes_moderate","200","hflip(if botanically ok)+small-rot+mild-translate+mild-scale+brightness/contrast+limited-colour-jitter","moderate","~3-5x effective training exposure","avoid altering flower/leaf/fruit defining appearance; no vertical flip on directional structures","YES - train only; val/test unaugmented & deterministic","meets target"
"model1","soybean","630","yes_moderate","200","hflip(if botanically ok)+small-rot+mild-translate+mild-scale+brightness/contrast+limited-colour-jitter","moderate","~3-5x effective training exposure","avoid altering flower/leaf/fruit defining appearance; no vertical flip on directional structures","YES - train only; val/test unaugmented & deterministic","meets target"
"model1","lettuce","630","yes_moderate","200","hflip(if botanically ok)+small-rot+mild-translate+mild-scale+brightness/contrast+limited-colour-jitter","moderate","~3-5x effective training exposure","avoid altering flower/leaf/fruit defining appearance; no vertical flip on directional structures","YES - train only; val/test unaugmented & deterministic","meets target"
"model1","orchid","630","yes_moderate","200","hflip(if botanically ok)+small-rot+mild-translate+mild-scale+brightness/contrast+limited-colour-jitter","moderate","~3-5x effective training exposure","avoid altering flower/leaf/fruit defining appearance; no vertical flip on directional structures","YES - train only; val/test unaugmented & deterministic","meets target"
"model1","capsicum","630","yes_moderate","200","hflip(if botanically ok)+small-rot+mild-translate+mild-scale+brightness/contrast+limited-colour-jitter","moderate","~3-5x effective training exposure","avoid altering flower/leaf/fruit defining appearance; no vertical flip on directional structures","YES - train only; val/test unaugmented & deterministic","meets target"
"model1","rose","630","yes_moderate","200","hflip(if botanically ok)+small-rot+mild-translate+mild-scale+brightness/contrast+limited-colour-jitter","moderate","~3-5x effective training exposure","avoid altering flower/leaf/fruit defining appearance; no vertical flip on directional structures","YES - train only; val/test unaugmented & deterministic","meets target"
"model1","marigold","630","yes_moderate","200","hflip(if botanically ok)+small-rot+mild-translate+mild-scale+brightness/contrast+limited-colour-jitter","moderate","~3-5x effective training exposure","avoid altering flower/leaf/fruit defining appearance; no vertical flip on directional structures","YES - train only; val/test unaugmented & deterministic","meets target"
"model1","cucumber","630","yes_moderate","200","hflip(if botanically ok)+small-rot+mild-translate+mild-scale+brightness/contrast+limited-colour-jitter","moderate","~3-5x effective training exposure","avoid altering flower/leaf/fruit defining appearance; no vertical flip on directional structures","YES - train only; val/test unaugmented & deterministic","meets target"
"model2","healthy","6939","yes_moderate","200","hflip+small-rot+scale+brightness (symptoms absent - safe)","moderate","~3-5x","LOW - healthy; keep per-crop balance","YES - train only","shared class"
"model2","apple__black_rot","83","hold_until_200plus","200","hflip(symptom-appropriate)+small-rot+mild-translate+controlled-brightness; NO blur/erasing/colour-fabrication","moderate","~3-4x (conservative); virus/rust/spot capped ~2-3x","MEDIUM: fine texture - conservative","YES - train only; val/test unaugmented & deterministic","P1 <100"
"model2","apple__mosaic_virus","89","hold_until_200plus","200","hflip(symptom-appropriate)+small-rot+mild-translate+controlled-brightness; NO blur/erasing/colour-fabrication","conservative","~3-4x (conservative); virus/rust/spot capped ~2-3x","HIGH: colour/mosaic diagnostic - NO colour jitter, NO aggressive transforms","YES - train only; val/test unaugmented & deterministic","P1 <100"
"model2","apple__rust","138","hold_until_200plus","200","hflip(symptom-appropriate)+small-rot+mild-translate+controlled-brightness; NO blur/erasing/colour-fabrication","conservative","~3-4x (conservative); virus/rust/spot capped ~2-3x","HIGH: fine pustule texture - NO blur/erasing","YES - train only; val/test unaugmented & deterministic","P2 100-249"
"model2","apple__scab","256","yes_after_acquisition","200","hflip(symptom-appropriate)+small-rot+mild-translate+controlled-brightness; NO blur/erasing/colour-fabrication","moderate","~3-4x (conservative); virus/rust/spot capped ~2-3x","MEDIUM: preserve symptom boundaries; conservative flips/rotation only","YES - train only; val/test unaugmented & deterministic","P3 250-399"
"model2","banana__anthracnose","69","hold_until_200plus","200","hflip(symptom-appropriate)+small-rot+mild-translate+controlled-brightness; NO blur/erasing/colour-fabrication","moderate","~3-4x (conservative); virus/rust/spot capped ~2-3x","MEDIUM: preserve symptom boundaries; conservative flips/rotation only","YES - train only; val/test unaugmented & deterministic","P1 <100"
"model2","banana__black_leaf_streak","158","yes_after_acquisition","200","hflip(symptom-appropriate)+small-rot+mild-translate+controlled-brightness; NO blur/erasing/colour-fabrication","moderate","~3-4x (conservative); virus/rust/spot capped ~2-3x","MEDIUM: preserve symptom boundaries; conservative flips/rotation only","YES - train only; val/test unaugmented & deterministic","P2 100-249"
"model2","banana__bunchy_top","139","hold_until_200plus","200","hflip(symptom-appropriate)+small-rot+mild-translate+controlled-brightness; NO blur/erasing/colour-fabrication","moderate","~3-4x (conservative); virus/rust/spot capped ~2-3x","MEDIUM: preserve symptom boundaries; conservative flips/rotation only","YES - train only; val/test unaugmented & deterministic","P2 100-249"
"model2","banana__cigar_end_rot","56","hold_until_200plus","200","hflip(symptom-appropriate)+small-rot+mild-translate+controlled-brightness; NO blur/erasing/colour-fabrication","moderate","~3-4x (conservative); virus/rust/spot capped ~2-3x","MEDIUM: preserve symptom boundaries; conservative flips/rotation only","YES - train only; val/test unaugmented & deterministic","P1 <100"
"model2","banana__cordana_leaf_spot","51","hold_until_200plus","200","hflip(symptom-appropriate)+small-rot+mild-translate+controlled-brightness; NO blur/erasing/colour-fabrication","moderate","~3-4x (conservative); virus/rust/spot capped ~2-3x","MEDIUM: fine lesions - NO erasing","YES - train only; val/test unaugmented & deterministic","P1 <100"
"model2","banana__panama_disease","63","hold_until_200plus","200","hflip(symptom-appropriate)+small-rot+mild-translate+controlled-brightness; NO blur/erasing/colour-fabrication","moderate","~3-4x (conservative); virus/rust/spot capped ~2-3x","MEDIUM: preserve symptom boundaries; conservative flips/rotation only","YES - train only; val/test unaugmented & deterministic","P1 <100"
"model2","basil__downy_mildew","63","hold_until_200plus","200","hflip(symptom-appropriate)+small-rot+mild-translate+controlled-brightness; NO blur/erasing/colour-fabrication","moderate","~3-4x (conservative); virus/rust/spot capped ~2-3x","MEDIUM: underside texture - conservative","YES - train only; val/test unaugmented & deterministic","P1 <100"
"model2","bean__angular_leaf_spot","432","yes_moderate","200","hflip(symptom-appropriate)+small-rot+mild-translate+controlled-brightness; NO blur/erasing/colour-fabrication","moderate","~3-4x (conservative); virus/rust/spot capped ~2-3x","MEDIUM: fine lesions - NO erasing","YES - train only; val/test unaugmented & deterministic","meets target"
"model2","bean__halo_blight","56","hold_until_200plus","200","hflip(symptom-appropriate)+small-rot+mild-translate+controlled-brightness; NO blur/erasing/colour-fabrication","moderate","~3-4x (conservative); virus/rust/spot capped ~2-3x","MEDIUM: preserve symptom boundaries; conservative flips/rotation only","YES - train only; val/test unaugmented & deterministic","P1 <100"
"model2","bean__mosaic_virus","57","hold_until_200plus","200","hflip(symptom-appropriate)+small-rot+mild-translate+controlled-brightness; NO blur/erasing/colour-fabrication","conservative","~3-4x (conservative); virus/rust/spot capped ~2-3x","HIGH: colour/mosaic diagnostic - NO colour jitter, NO aggressive transforms","YES - train only; val/test unaugmented & deterministic","P1 <100"
"model2","bean__rust","600","yes_moderate","200","hflip(symptom-appropriate)+small-rot+mild-translate+controlled-brightness; NO blur/erasing/colour-fabrication","conservative","~3-4x (conservative); virus/rust/spot capped ~2-3x","HIGH: fine pustule texture - NO blur/erasing","YES - train only; val/test unaugmented & deterministic","meets target"
"model2","bell_pepper__bacterial_spot","68","hold_until_200plus","200","hflip(symptom-appropriate)+small-rot+mild-translate+controlled-brightness; NO blur/erasing/colour-fabrication","moderate","~3-4x (conservative); virus/rust/spot capped ~2-3x","MEDIUM: small lesions - NO aggressive crop","YES - train only; val/test unaugmented & deterministic","P1 <100"
"model2","bell_pepper__blossom_end_rot","108","hold_until_200plus","200","hflip(symptom-appropriate)+small-rot+mild-translate+controlled-brightness; NO blur/erasing/colour-fabrication","moderate","~3-4x (conservative); virus/rust/spot capped ~2-3x","MEDIUM: preserve symptom boundaries; conservative flips/rotation only","YES - train only; val/test unaugmented & deterministic","P2 100-249"
"model2","bell_pepper__frogeye_leaf_spot","28","hold_until_200plus","200","hflip(symptom-appropriate)+small-rot+mild-translate+controlled-brightness; NO blur/erasing/colour-fabrication","moderate","~3-4x (conservative); virus/rust/spot capped ~2-3x","MEDIUM: fine lesions - NO erasing","YES - train only; val/test unaugmented & deterministic","P1 <100"
"model2","bell_pepper__powdery_mildew","26","hold_until_200plus","200","hflip(symptom-appropriate)+small-rot+mild-translate+controlled-brightness; NO blur/erasing/colour-fabrication","conservative","~3-4x (conservative); virus/rust/spot capped ~2-3x","MED-HIGH: fine white texture - NO blur/erasing","YES - train only; val/test unaugmented & deterministic","P1 <100"
"model2","blueberry__anthracnose","40","hold_until_200plus","200","hflip(symptom-appropriate)+small-rot+mild-translate+controlled-brightness; NO blur/erasing/colour-fabrication","moderate","~3-4x (conservative); virus/rust/spot capped ~2-3x","MEDIUM: preserve symptom boundaries; conservative flips/rotation only","YES - train only; val/test unaugmented & deterministic","P1 <100"
"model2","blueberry__botrytis_blight","35","hold_until_200plus","200","hflip(symptom-appropriate)+small-rot+mild-translate+controlled-brightness; NO blur/erasing/colour-fabrication","moderate","~3-4x (conservative); virus/rust/spot capped ~2-3x","MEDIUM: preserve symptom boundaries; conservative flips/rotation only","YES - train only; val/test unaugmented & deterministic","P1 <100"
"model2","blueberry__mummy_berry","46","hold_until_200plus","200","hflip(symptom-appropriate)+small-rot+mild-translate+controlled-brightness; NO blur/erasing/colour-fabrication","moderate","~3-4x (conservative); virus/rust/spot capped ~2-3x","MEDIUM: preserve symptom boundaries; conservative flips/rotation only","YES - train only; val/test unaugmented & deterministic","P1 <100"
"model2","blueberry__rust","43","hold_until_200plus","200","hflip(symptom-appropriate)+small-rot+mild-translate+controlled-brightness; NO blur/erasing/colour-fabrication","conservative","~3-4x (conservative); virus/rust/spot capped ~2-3x","HIGH: fine pustule texture - NO blur/erasing","YES - train only; val/test unaugmented & deterministic","P1 <100"
"model2","blueberry__scorch","42","hold_until_200plus","200","hflip(symptom-appropriate)+small-rot+mild-translate+controlled-brightness; NO blur/erasing/colour-fabrication","moderate","~3-4x (conservative); virus/rust/spot capped ~2-3x","MEDIUM: preserve symptom boundaries; conservative flips/rotation only","YES - train only; val/test unaugmented & deterministic","P1 <100"
"model2","broccoli__alternaria_leaf_spot","62","hold_until_200plus","200","hflip(symptom-appropriate)+small-rot+mild-translate+controlled-brightness; NO blur/erasing/colour-fabrication","moderate","~3-4x (conservative); virus/rust/spot capped ~2-3x","MEDIUM: fine lesions - NO erasing","YES - train only; val/test unaugmented & deterministic","P1 <100"
"model2","broccoli__downy_mildew","29","hold_until_200plus","200","hflip(symptom-appropriate)+small-rot+mild-translate+controlled-brightness; NO blur/erasing/colour-fabrication","moderate","~3-4x (conservative); virus/rust/spot capped ~2-3x","MEDIUM: underside texture - conservative","YES - train only; val/test unaugmented & deterministic","P1 <100"
"model2","broccoli__ring_spot","10","hold_until_200plus","200","hflip(symptom-appropriate)+small-rot+mild-translate+controlled-brightness; NO blur/erasing/colour-fabrication","moderate","~3-4x (conservative); virus/rust/spot capped ~2-3x","MEDIUM: preserve symptom boundaries; conservative flips/rotation only","YES - train only; val/test unaugmented & deterministic","P1 <100"
"model2","cabbage__alternaria_leaf_spot","58","hold_until_200plus","200","hflip(symptom-appropriate)+small-rot+mild-translate+controlled-brightness; NO blur/erasing/colour-fabrication","moderate","~3-4x (conservative); virus/rust/spot capped ~2-3x","MEDIUM: fine lesions - NO erasing","YES - train only; val/test unaugmented & deterministic","P1 <100"
"model2","cabbage__black_rot","120","hold_until_200plus","200","hflip(symptom-appropriate)+small-rot+mild-translate+controlled-brightness; NO blur/erasing/colour-fabrication","moderate","~3-4x (conservative); virus/rust/spot capped ~2-3x","MEDIUM: fine texture - conservative","YES - train only; val/test unaugmented & deterministic","P2 100-249"
"model2","cabbage__downy_mildew","84","hold_until_200plus","200","hflip(symptom-appropriate)+small-rot+mild-translate+controlled-brightness; NO blur/erasing/colour-fabrication","moderate","~3-4x (conservative); virus/rust/spot capped ~2-3x","MEDIUM: underside texture - conservative","YES - train only; val/test unaugmented & deterministic","P1 <100"
"model2","carrot__alternaria_leaf_blight","59","hold_until_200plus","200","hflip(symptom-appropriate)+small-rot+mild-translate+controlled-brightness; NO blur/erasing/colour-fabrication","moderate","~3-4x (conservative); virus/rust/spot capped ~2-3x","MEDIUM: preserve symptom boundaries; conservative flips/rotation only","YES - train only; val/test unaugmented & deterministic","P1 <100"
"model2","carrot__cavity_spot","72","hold_until_200plus","200","hflip(symptom-appropriate)+small-rot+mild-translate+controlled-brightness; NO blur/erasing/colour-fabrication","moderate","~3-4x (conservative); virus/rust/spot capped ~2-3x","MEDIUM: preserve symptom boundaries; conservative flips/rotation only","YES - train only; val/test unaugmented & deterministic","P1 <100"
"model2","carrot__cercospora_leaf_blight","17","hold_until_200plus","200","hflip(symptom-appropriate)+small-rot+mild-translate+controlled-brightness; NO blur/erasing/colour-fabrication","moderate","~3-4x (conservative); virus/rust/spot capped ~2-3x","MEDIUM: preserve symptom boundaries; conservative flips/rotation only","YES - train only; val/test unaugmented & deterministic","P1 <100"
"model2","cauliflower__alternaria_leaf_spot","43","hold_until_200plus","200","hflip(symptom-appropriate)+small-rot+mild-translate+controlled-brightness; NO blur/erasing/colour-fabrication","moderate","~3-4x (conservative); virus/rust/spot capped ~2-3x","MEDIUM: fine lesions - NO erasing","YES - train only; val/test unaugmented & deterministic","P1 <100"
"model2","cauliflower__bacterial_soft_rot","32","hold_until_200plus","200","hflip(symptom-appropriate)+small-rot+mild-translate+controlled-brightness; NO blur/erasing/colour-fabrication","moderate","~3-4x (conservative); virus/rust/spot capped ~2-3x","MEDIUM: preserve symptom boundaries; conservative flips/rotation only","YES - train only; val/test unaugmented & deterministic","P1 <100"
"model2","celery__anthracnose","29","hold_until_200plus","200","hflip(symptom-appropriate)+small-rot+mild-translate+controlled-brightness; NO blur/erasing/colour-fabrication","moderate","~3-4x (conservative); virus/rust/spot capped ~2-3x","MEDIUM: preserve symptom boundaries; conservative flips/rotation only","YES - train only; val/test unaugmented & deterministic","P1 <100"
"model2","celery__early_blight","36","hold_until_200plus","200","hflip(symptom-appropriate)+small-rot+mild-translate+controlled-brightness; NO blur/erasing/colour-fabrication","moderate","~3-4x (conservative); virus/rust/spot capped ~2-3x","MEDIUM: preserve symptom boundaries; conservative flips/rotation only","YES - train only; val/test unaugmented & deterministic","P1 <100"
"model2","cherry__leaf_spot","106","hold_until_200plus","200","hflip(symptom-appropriate)+small-rot+mild-translate+controlled-brightness; NO blur/erasing/colour-fabrication","moderate","~3-4x (conservative); virus/rust/spot capped ~2-3x","MEDIUM: fine lesions - NO erasing","YES - train only; val/test unaugmented & deterministic","P2 100-249"
"model2","cherry__powdery_mildew","33","hold_until_200plus","200","hflip(symptom-appropriate)+small-rot+mild-translate+controlled-brightness; NO blur/erasing/colour-fabrication","conservative","~3-4x (conservative); virus/rust/spot capped ~2-3x","MED-HIGH: fine white texture - NO blur/erasing","YES - train only; val/test unaugmented & deterministic","P1 <100"
"model2","citrus__canker","388","yes_after_acquisition","200","hflip(symptom-appropriate)+small-rot+mild-translate+controlled-brightness; NO blur/erasing/colour-fabrication","moderate","~3-4x (conservative); virus/rust/spot capped ~2-3x","MEDIUM: preserve symptom boundaries; conservative flips/rotation only","YES - train only; val/test unaugmented & deterministic","P3 250-399"
"model2","citrus__greening_disease","133","hold_until_200plus","200","hflip(symptom-appropriate)+small-rot+mild-translate+controlled-brightness; NO blur/erasing/colour-fabrication","conservative","~3-4x (conservative); virus/rust/spot capped ~2-3x","HIGH: colour/mosaic cue - NO colour jitter","YES - train only; val/test unaugmented & deterministic","P2 100-249"
"model2","coffee__berry_blotch","105","hold_until_200plus","200","hflip(symptom-appropriate)+small-rot+mild-translate+controlled-brightness; NO blur/erasing/colour-fabrication","moderate","~3-4x (conservative); virus/rust/spot capped ~2-3x","MEDIUM: preserve symptom boundaries; conservative flips/rotation only","YES - train only; val/test unaugmented & deterministic","P2 100-249"
"model2","coffee__black_rot","6","hold_until_200plus","200","hflip(symptom-appropriate)+small-rot+mild-translate+controlled-brightness; NO blur/erasing/colour-fabrication","moderate","~3-4x (conservative); virus/rust/spot capped ~2-3x","MEDIUM: fine texture - conservative","YES - train only; val/test unaugmented & deterministic","P1 <100"
"model2","coffee__brown_eye_spot","14","hold_until_200plus","200","hflip(symptom-appropriate)+small-rot+mild-translate+controlled-brightness; NO blur/erasing/colour-fabrication","moderate","~3-4x (conservative); virus/rust/spot capped ~2-3x","MEDIUM: preserve symptom boundaries; conservative flips/rotation only","YES - train only; val/test unaugmented & deterministic","P1 <100"
"model2","coffee__leaf_rust","159","yes_after_acquisition","200","hflip(symptom-appropriate)+small-rot+mild-translate+controlled-brightness; NO blur/erasing/colour-fabrication","conservative","~3-4x (conservative); virus/rust/spot capped ~2-3x","HIGH: fine pustule texture - NO blur/erasing","YES - train only; val/test unaugmented & deterministic","P2 100-249"
"model2","corn__gray_leaf_spot","107","hold_until_200plus","200","hflip(symptom-appropriate)+small-rot+mild-translate+controlled-brightness; NO blur/erasing/colour-fabrication","moderate","~3-4x (conservative); virus/rust/spot capped ~2-3x","MEDIUM: fine lesions - NO erasing","YES - train only; val/test unaugmented & deterministic","P2 100-249"
"model2","corn__northern_leaf_blight","130","hold_until_200plus","200","hflip(symptom-appropriate)+small-rot+mild-translate+controlled-brightness; NO blur/erasing/colour-fabrication","moderate","~3-4x (conservative); virus/rust/spot capped ~2-3x","MEDIUM: preserve symptom boundaries; conservative flips/rotation only","YES - train only; val/test unaugmented & deterministic","P2 100-249"
"model2","corn__rust","177","yes_after_acquisition","200","hflip(symptom-appropriate)+small-rot+mild-translate+controlled-brightness; NO blur/erasing/colour-fabrication","conservative","~3-4x (conservative); virus/rust/spot capped ~2-3x","HIGH: fine pustule texture - NO blur/erasing","YES - train only; val/test unaugmented & deterministic","P2 100-249"
"model2","corn__smut","202","yes_after_acquisition","200","hflip(symptom-appropriate)+small-rot+mild-translate+controlled-brightness; NO blur/erasing/colour-fabrication","moderate","~3-4x (conservative); virus/rust/spot capped ~2-3x","MEDIUM: preserve symptom boundaries; conservative flips/rotation only","YES - train only; val/test unaugmented & deterministic","P2 100-249"
"model2","cucumber__angular_leaf_spot","182","yes_after_acquisition","200","hflip(symptom-appropriate)+small-rot+mild-translate+controlled-brightness; NO blur/erasing/colour-fabrication","moderate","~3-4x (conservative); virus/rust/spot capped ~2-3x","MEDIUM: fine lesions - NO erasing","YES - train only; val/test unaugmented & deterministic","P2 100-249"
"model2","cucumber__bacterial_wilt","108","hold_until_200plus","200","hflip(symptom-appropriate)+small-rot+mild-translate+controlled-brightness; NO blur/erasing/colour-fabrication","moderate","~3-4x (conservative); virus/rust/spot capped ~2-3x","MEDIUM: preserve symptom boundaries; conservative flips/rotation only","YES - train only; val/test unaugmented & deterministic","P2 100-249"
"model2","cucumber__powdery_mildew","336","yes_after_acquisition","200","hflip(symptom-appropriate)+small-rot+mild-translate+controlled-brightness; NO blur/erasing/colour-fabrication","conservative","~3-4x (conservative); virus/rust/spot capped ~2-3x","MED-HIGH: fine white texture - NO blur/erasing","YES - train only; val/test unaugmented & deterministic","P3 250-399"
"model2","eggplant__cercospora_leaf_spot","58","hold_until_200plus","200","hflip(symptom-appropriate)+small-rot+mild-translate+controlled-brightness; NO blur/erasing/colour-fabrication","moderate","~3-4x (conservative); virus/rust/spot capped ~2-3x","MEDIUM: fine lesions - NO erasing","YES - train only; val/test unaugmented & deterministic","P1 <100"
"model2","eggplant__phomopsis_fruit_rot","45","hold_until_200plus","200","hflip(symptom-appropriate)+small-rot+mild-translate+controlled-brightness; NO blur/erasing/colour-fabrication","moderate","~3-4x (conservative); virus/rust/spot capped ~2-3x","MEDIUM: preserve symptom boundaries; conservative flips/rotation only","YES - train only; val/test unaugmented & deterministic","P1 <100"
"model2","eggplant__phytophthora_blight","33","hold_until_200plus","200","hflip(symptom-appropriate)+small-rot+mild-translate+controlled-brightness; NO blur/erasing/colour-fabrication","moderate","~3-4x (conservative); virus/rust/spot capped ~2-3x","MEDIUM: preserve symptom boundaries; conservative flips/rotation only","YES - train only; val/test unaugmented & deterministic","P1 <100"
"model2","garlic__leaf_blight","92","hold_until_200plus","200","hflip(symptom-appropriate)+small-rot+mild-translate+controlled-brightness; NO blur/erasing/colour-fabrication","moderate","~3-4x (conservative); virus/rust/spot capped ~2-3x","MEDIUM: preserve symptom boundaries; conservative flips/rotation only","YES - train only; val/test unaugmented & deterministic","P1 <100"
"model2","garlic__rust","106","hold_until_200plus","200","hflip(symptom-appropriate)+small-rot+mild-translate+controlled-brightness; NO blur/erasing/colour-fabrication","conservative","~3-4x (conservative); virus/rust/spot capped ~2-3x","HIGH: fine pustule texture - NO blur/erasing","YES - train only; val/test unaugmented & deterministic","P2 100-249"
"model2","ginger__leaf_spot","25","hold_until_200plus","200","hflip(symptom-appropriate)+small-rot+mild-translate+controlled-brightness; NO blur/erasing/colour-fabrication","moderate","~3-4x (conservative); virus/rust/spot capped ~2-3x","MEDIUM: fine lesions - NO erasing","YES - train only; val/test unaugmented & deterministic","P1 <100"
"model2","ginger__sheath_blight","66","hold_until_200plus","200","hflip(symptom-appropriate)+small-rot+mild-translate+controlled-brightness; NO blur/erasing/colour-fabrication","moderate","~3-4x (conservative); virus/rust/spot capped ~2-3x","MEDIUM: preserve symptom boundaries; conservative flips/rotation only","YES - train only; val/test unaugmented & deterministic","P1 <100"
"model2","grape__black_rot","121","hold_until_200plus","200","hflip(symptom-appropriate)+small-rot+mild-translate+controlled-brightness; NO blur/erasing/colour-fabrication","moderate","~3-4x (conservative); virus/rust/spot capped ~2-3x","MEDIUM: fine texture - conservative","YES - train only; val/test unaugmented & deterministic","P2 100-249"
"model2","grape__downy_mildew","278","yes_after_acquisition","200","hflip(symptom-appropriate)+small-rot+mild-translate+controlled-brightness; NO blur/erasing/colour-fabrication","moderate","~3-4x (conservative); virus/rust/spot capped ~2-3x","MEDIUM: underside texture - conservative","YES - train only; val/test unaugmented & deterministic","P3 250-399"
"model2","grape__grapevine_leafroll_disease","71","hold_until_200plus","200","hflip(symptom-appropriate)+small-rot+mild-translate+controlled-brightness; NO blur/erasing/colour-fabrication","moderate","~3-4x (conservative); virus/rust/spot capped ~2-3x","MEDIUM: preserve symptom boundaries; conservative flips/rotation only","YES - train only; val/test unaugmented & deterministic","P1 <100"
"model2","grape__leaf_spot","88","hold_until_200plus","200","hflip(symptom-appropriate)+small-rot+mild-translate+controlled-brightness; NO blur/erasing/colour-fabrication","moderate","~3-4x (conservative); virus/rust/spot capped ~2-3x","MEDIUM: fine lesions - NO erasing","YES - train only; val/test unaugmented & deterministic","P1 <100"
"model2","lettuce__downy_mildew","82","hold_until_200plus","200","hflip(symptom-appropriate)+small-rot+mild-translate+controlled-brightness; NO blur/erasing/colour-fabrication","moderate","~3-4x (conservative); virus/rust/spot capped ~2-3x","MEDIUM: underside texture - conservative","YES - train only; val/test unaugmented & deterministic","P1 <100"
"model2","lettuce__mosaic_virus","39","hold_until_200plus","200","hflip(symptom-appropriate)+small-rot+mild-translate+controlled-brightness; NO blur/erasing/colour-fabrication","conservative","~3-4x (conservative); virus/rust/spot capped ~2-3x","HIGH: colour/mosaic diagnostic - NO colour jitter, NO aggressive transforms","YES - train only; val/test unaugmented & deterministic","P1 <100"
"model2","maple__tar_spot","113","hold_until_200plus","200","hflip(symptom-appropriate)+small-rot+mild-translate+controlled-brightness; NO blur/erasing/colour-fabrication","moderate","~3-4x (conservative); virus/rust/spot capped ~2-3x","MEDIUM: preserve symptom boundaries; conservative flips/rotation only","YES - train only; val/test unaugmented & deterministic","P2 100-249"
"model2","peach__anthracnose","13","hold_until_200plus","200","hflip(symptom-appropriate)+small-rot+mild-translate+controlled-brightness; NO blur/erasing/colour-fabrication","moderate","~3-4x (conservative); virus/rust/spot capped ~2-3x","MEDIUM: preserve symptom boundaries; conservative flips/rotation only","YES - train only; val/test unaugmented & deterministic","P1 <100"
"model2","peach__brown_rot","166","yes_after_acquisition","200","hflip(symptom-appropriate)+small-rot+mild-translate+controlled-brightness; NO blur/erasing/colour-fabrication","moderate","~3-4x (conservative); virus/rust/spot capped ~2-3x","MEDIUM: preserve symptom boundaries; conservative flips/rotation only","YES - train only; val/test unaugmented & deterministic","P2 100-249"
"model2","peach__leaf_curl","182","yes_after_acquisition","200","hflip(symptom-appropriate)+small-rot+mild-translate+controlled-brightness; NO blur/erasing/colour-fabrication","moderate","~3-4x (conservative); virus/rust/spot capped ~2-3x","MEDIUM: preserve symptom boundaries; conservative flips/rotation only","YES - train only; val/test unaugmented & deterministic","P2 100-249"
"model2","peach__rust","8","hold_until_200plus","200","hflip(symptom-appropriate)+small-rot+mild-translate+controlled-brightness; NO blur/erasing/colour-fabrication","conservative","~3-4x (conservative); virus/rust/spot capped ~2-3x","HIGH: fine pustule texture - NO blur/erasing","YES - train only; val/test unaugmented & deterministic","P1 <100"
"model2","peach__scab","75","hold_until_200plus","200","hflip(symptom-appropriate)+small-rot+mild-translate+controlled-brightness; NO blur/erasing/colour-fabrication","moderate","~3-4x (conservative); virus/rust/spot capped ~2-3x","MEDIUM: preserve symptom boundaries; conservative flips/rotation only","YES - train only; val/test unaugmented & deterministic","P1 <100"
"model2","plum__bacterial_spot","16","hold_until_200plus","200","hflip(symptom-appropriate)+small-rot+mild-translate+controlled-brightness; NO blur/erasing/colour-fabrication","moderate","~3-4x (conservative); virus/rust/spot capped ~2-3x","MEDIUM: small lesions - NO aggressive crop","YES - train only; val/test unaugmented & deterministic","P1 <100"
"model2","plum__brown_rot","76","hold_until_200plus","200","hflip(symptom-appropriate)+small-rot+mild-translate+controlled-brightness; NO blur/erasing/colour-fabrication","moderate","~3-4x (conservative); virus/rust/spot capped ~2-3x","MEDIUM: preserve symptom boundaries; conservative flips/rotation only","YES - train only; val/test unaugmented & deterministic","P1 <100"
"model2","plum__pocket_disease","57","hold_until_200plus","200","hflip(symptom-appropriate)+small-rot+mild-translate+controlled-brightness; NO blur/erasing/colour-fabrication","moderate","~3-4x (conservative); virus/rust/spot capped ~2-3x","MEDIUM: preserve symptom boundaries; conservative flips/rotation only","YES - train only; val/test unaugmented & deterministic","P1 <100"
"model2","plum__pox_virus","32","hold_until_200plus","200","hflip(symptom-appropriate)+small-rot+mild-translate+controlled-brightness; NO blur/erasing/colour-fabrication","conservative","~3-4x (conservative); virus/rust/spot capped ~2-3x","HIGH: virus/mosaic pattern - very conservative augmentation only","YES - train only; val/test unaugmented & deterministic","P1 <100"
"model2","plum__rust","34","hold_until_200plus","200","hflip(symptom-appropriate)+small-rot+mild-translate+controlled-brightness; NO blur/erasing/colour-fabrication","conservative","~3-4x (conservative); virus/rust/spot capped ~2-3x","HIGH: fine pustule texture - NO blur/erasing","YES - train only; val/test unaugmented & deterministic","P1 <100"
"model2","potato__early_blight","124","hold_until_200plus","200","hflip(symptom-appropriate)+small-rot+mild-translate+controlled-brightness; NO blur/erasing/colour-fabrication","moderate","~3-4x (conservative); virus/rust/spot capped ~2-3x","MEDIUM: preserve symptom boundaries; conservative flips/rotation only","YES - train only; val/test unaugmented & deterministic","P2 100-249"
"model2","potato__late_blight","115","hold_until_200plus","200","hflip(symptom-appropriate)+small-rot+mild-translate+controlled-brightness; NO blur/erasing/colour-fabrication","moderate","~3-4x (conservative); virus/rust/spot capped ~2-3x","MEDIUM: preserve symptom boundaries; conservative flips/rotation only","YES - train only; val/test unaugmented & deterministic","P2 100-249"
"model2","raspberry__fire_blight","31","hold_until_200plus","200","hflip(symptom-appropriate)+small-rot+mild-translate+controlled-brightness; NO blur/erasing/colour-fabrication","moderate","~3-4x (conservative); virus/rust/spot capped ~2-3x","MEDIUM: preserve symptom boundaries; conservative flips/rotation only","YES - train only; val/test unaugmented & deterministic","P1 <100"
"model2","raspberry__gray_mold","38","hold_until_200plus","200","hflip(symptom-appropriate)+small-rot+mild-translate+controlled-brightness; NO blur/erasing/colour-fabrication","moderate","~3-4x (conservative); virus/rust/spot capped ~2-3x","MEDIUM: preserve symptom boundaries; conservative flips/rotation only","YES - train only; val/test unaugmented & deterministic","P1 <100"
"model2","raspberry__leaf_spot","18","hold_until_200plus","200","hflip(symptom-appropriate)+small-rot+mild-translate+controlled-brightness; NO blur/erasing/colour-fabrication","moderate","~3-4x (conservative); virus/rust/spot capped ~2-3x","MEDIUM: fine lesions - NO erasing","YES - train only; val/test unaugmented & deterministic","P1 <100"
"model2","raspberry__yellow_rust","36","hold_until_200plus","200","hflip(symptom-appropriate)+small-rot+mild-translate+controlled-brightness; NO blur/erasing/colour-fabrication","conservative","~3-4x (conservative); virus/rust/spot capped ~2-3x","HIGH: fine pustule texture - NO blur/erasing","YES - train only; val/test unaugmented & deterministic","P1 <100"
"model2","rice__blast","83","hold_until_200plus","200","hflip(symptom-appropriate)+small-rot+mild-translate+controlled-brightness; NO blur/erasing/colour-fabrication","moderate","~3-4x (conservative); virus/rust/spot capped ~2-3x","MEDIUM: preserve symptom boundaries; conservative flips/rotation only","YES - train only; val/test unaugmented & deterministic","P1 <100"
"model2","rice__sheath_blight","72","hold_until_200plus","200","hflip(symptom-appropriate)+small-rot+mild-translate+controlled-brightness; NO blur/erasing/colour-fabrication","moderate","~3-4x (conservative); virus/rust/spot capped ~2-3x","MEDIUM: preserve symptom boundaries; conservative flips/rotation only","YES - train only; val/test unaugmented & deterministic","P1 <100"
"model2","soybean__bacterial_blight","87","hold_until_200plus","200","hflip(symptom-appropriate)+small-rot+mild-translate+controlled-brightness; NO blur/erasing/colour-fabrication","moderate","~3-4x (conservative); virus/rust/spot capped ~2-3x","MEDIUM: preserve symptom boundaries; conservative flips/rotation only","YES - train only; val/test unaugmented & deterministic","P1 <100"
"model2","soybean__brown_spot","61","hold_until_200plus","200","hflip(symptom-appropriate)+small-rot+mild-translate+controlled-brightness; NO blur/erasing/colour-fabrication","moderate","~3-4x (conservative); virus/rust/spot capped ~2-3x","MEDIUM: preserve symptom boundaries; conservative flips/rotation only","YES - train only; val/test unaugmented & deterministic","P1 <100"
"model2","soybean__downy_mildew","134","hold_until_200plus","200","hflip(symptom-appropriate)+small-rot+mild-translate+controlled-brightness; NO blur/erasing/colour-fabrication","moderate","~3-4x (conservative); virus/rust/spot capped ~2-3x","MEDIUM: underside texture - conservative","YES - train only; val/test unaugmented & deterministic","P2 100-249"
"model2","soybean__frog_eye_leaf_spot","210","yes_after_acquisition","200","hflip(symptom-appropriate)+small-rot+mild-translate+controlled-brightness; NO blur/erasing/colour-fabrication","moderate","~3-4x (conservative); virus/rust/spot capped ~2-3x","MEDIUM: fine lesions - NO erasing","YES - train only; val/test unaugmented & deterministic","P2 100-249"
"model2","soybean__mosaic","115","hold_until_200plus","200","hflip(symptom-appropriate)+small-rot+mild-translate+controlled-brightness; NO blur/erasing/colour-fabrication","moderate","~3-4x (conservative); virus/rust/spot capped ~2-3x","MEDIUM: preserve symptom boundaries; conservative flips/rotation only","YES - train only; val/test unaugmented & deterministic","P2 100-249"
"model2","soybean__rust","515","yes_moderate","200","hflip(symptom-appropriate)+small-rot+mild-translate+controlled-brightness; NO blur/erasing/colour-fabrication","conservative","~3-4x (conservative); virus/rust/spot capped ~2-3x","HIGH: fine pustule texture - NO blur/erasing","YES - train only; val/test unaugmented & deterministic","meets target"
"model2","squash__powdery_mildew","174","yes_after_acquisition","200","hflip(symptom-appropriate)+small-rot+mild-translate+controlled-brightness; NO blur/erasing/colour-fabrication","conservative","~3-4x (conservative); virus/rust/spot capped ~2-3x","MED-HIGH: fine white texture - NO blur/erasing","YES - train only; val/test unaugmented & deterministic","P2 100-249"
"model2","strawberry__anthracnose","58","hold_until_200plus","200","hflip(symptom-appropriate)+small-rot+mild-translate+controlled-brightness; NO blur/erasing/colour-fabrication","moderate","~3-4x (conservative); virus/rust/spot capped ~2-3x","MEDIUM: preserve symptom boundaries; conservative flips/rotation only","YES - train only; val/test unaugmented & deterministic","P1 <100"
"model2","strawberry__leaf_scorch","39","hold_until_200plus","200","hflip(symptom-appropriate)+small-rot+mild-translate+controlled-brightness; NO blur/erasing/colour-fabrication","moderate","~3-4x (conservative); virus/rust/spot capped ~2-3x","MEDIUM: preserve symptom boundaries; conservative flips/rotation only","YES - train only; val/test unaugmented & deterministic","P1 <100"
"model2","tobacco__blue_mold","55","hold_until_200plus","200","hflip(symptom-appropriate)+small-rot+mild-translate+controlled-brightness; NO blur/erasing/colour-fabrication","moderate","~3-4x (conservative); virus/rust/spot capped ~2-3x","MEDIUM: preserve symptom boundaries; conservative flips/rotation only","YES - train only; val/test unaugmented & deterministic","P1 <100"
"model2","tobacco__brown_spot","62","hold_until_200plus","200","hflip(symptom-appropriate)+small-rot+mild-translate+controlled-brightness; NO blur/erasing/colour-fabrication","moderate","~3-4x (conservative); virus/rust/spot capped ~2-3x","MEDIUM: preserve symptom boundaries; conservative flips/rotation only","YES - train only; val/test unaugmented & deterministic","P1 <100"
"model2","tobacco__frogeye_leaf_spot","20","hold_until_200plus","200","hflip(symptom-appropriate)+small-rot+mild-translate+controlled-brightness; NO blur/erasing/colour-fabrication","moderate","~3-4x (conservative); virus/rust/spot capped ~2-3x","MEDIUM: fine lesions - NO erasing","YES - train only; val/test unaugmented & deterministic","P1 <100"
"model2","tobacco__mosaic_virus","41","hold_until_200plus","200","hflip(symptom-appropriate)+small-rot+mild-translate+controlled-brightness; NO blur/erasing/colour-fabrication","conservative","~3-4x (conservative); virus/rust/spot capped ~2-3x","HIGH: colour/mosaic diagnostic - NO colour jitter, NO aggressive transforms","YES - train only; val/test unaugmented & deterministic","P1 <100"
"model2","tomato__bacterial_leaf_spot","107","hold_until_200plus","200","hflip(symptom-appropriate)+small-rot+mild-translate+controlled-brightness; NO blur/erasing/colour-fabrication","moderate","~3-4x (conservative); virus/rust/spot capped ~2-3x","MEDIUM: fine lesions - NO erasing","YES - train only; val/test unaugmented & deterministic","P2 100-249"
"model2","tomato__early_blight","328","yes_after_acquisition","200","hflip(symptom-appropriate)+small-rot+mild-translate+controlled-brightness; NO blur/erasing/colour-fabrication","moderate","~3-4x (conservative); virus/rust/spot capped ~2-3x","MEDIUM: preserve symptom boundaries; conservative flips/rotation only","YES - train only; val/test unaugmented & deterministic","P3 250-399"
"model2","tomato__late_blight","300","yes_after_acquisition","200","hflip(symptom-appropriate)+small-rot+mild-translate+controlled-brightness; NO blur/erasing/colour-fabrication","moderate","~3-4x (conservative); virus/rust/spot capped ~2-3x","MEDIUM: preserve symptom boundaries; conservative flips/rotation only","YES - train only; val/test unaugmented & deterministic","P3 250-399"
"model2","tomato__leaf_mold","236","yes_after_acquisition","200","hflip(symptom-appropriate)+small-rot+mild-translate+controlled-brightness; NO blur/erasing/colour-fabrication","moderate","~3-4x (conservative); virus/rust/spot capped ~2-3x","MEDIUM: colour cue - limited colour jitter","YES - train only; val/test unaugmented & deterministic","P2 100-249"
"model2","tomato__mosaic_virus","63","hold_until_200plus","200","hflip(symptom-appropriate)+small-rot+mild-translate+controlled-brightness; NO blur/erasing/colour-fabrication","conservative","~3-4x (conservative); virus/rust/spot capped ~2-3x","HIGH: colour/mosaic diagnostic - NO colour jitter, NO aggressive transforms","YES - train only; val/test unaugmented & deterministic","P1 <100"
"model2","tomato__septoria_leaf_spot","273","yes_after_acquisition","200","hflip(symptom-appropriate)+small-rot+mild-translate+controlled-brightness; NO blur/erasing/colour-fabrication","conservative","~3-4x (conservative); virus/rust/spot capped ~2-3x","HIGH: small sparse spots - NO erasing","YES - train only; val/test unaugmented & deterministic","P3 250-399"
"model2","tomato__yellow_leaf_curl_virus","89","hold_until_200plus","200","hflip(symptom-appropriate)+small-rot+mild-translate+controlled-brightness; NO blur/erasing/colour-fabrication","conservative","~3-4x (conservative); virus/rust/spot capped ~2-3x","HIGH: virus + colour cue - NO colour jitter","YES - train only; val/test unaugmented & deterministic","P1 <100"
"model2","wheat__bacterial_leaf_streak_(black_chaff)","115","hold_until_200plus","200","hflip(symptom-appropriate)+small-rot+mild-translate+controlled-brightness; NO blur/erasing/colour-fabrication","moderate","~3-4x (conservative); virus/rust/spot capped ~2-3x","MEDIUM: preserve symptom boundaries; conservative flips/rotation only","YES - train only; val/test unaugmented & deterministic","P2 100-249"
"model2","wheat__head_scab","275","yes_after_acquisition","200","hflip(symptom-appropriate)+small-rot+mild-translate+controlled-brightness; NO blur/erasing/colour-fabrication","moderate","~3-4x (conservative); virus/rust/spot capped ~2-3x","MEDIUM: preserve symptom boundaries; conservative flips/rotation only","YES - train only; val/test unaugmented & deterministic","P3 250-399"
"model2","wheat__leaf_rust","128","hold_until_200plus","200","hflip(symptom-appropriate)+small-rot+mild-translate+controlled-brightness; NO blur/erasing/colour-fabrication","conservative","~3-4x (conservative); virus/rust/spot capped ~2-3x","HIGH: fine pustule texture - NO blur/erasing","YES - train only; val/test unaugmented & deterministic","P2 100-249"
"model2","wheat__loose_smut","190","yes_after_acquisition","200","hflip(symptom-appropriate)+small-rot+mild-translate+controlled-brightness; NO blur/erasing/colour-fabrication","moderate","~3-4x (conservative); virus/rust/spot capped ~2-3x","MEDIUM: preserve symptom boundaries; conservative flips/rotation only","YES - train only; val/test unaugmented & deterministic","P2 100-249"
"model2","wheat__powdery_mildew","262","yes_after_acquisition","200","hflip(symptom-appropriate)+small-rot+mild-translate+controlled-brightness; NO blur/erasing/colour-fabrication","conservative","~3-4x (conservative); virus/rust/spot capped ~2-3x","MED-HIGH: fine white texture - NO blur/erasing","YES - train only; val/test unaugmented & deterministic","P3 250-399"
"model2","wheat__septoria_blotch","201","yes_after_acquisition","200","hflip(symptom-appropriate)+small-rot+mild-translate+controlled-brightness; NO blur/erasing/colour-fabrication","conservative","~3-4x (conservative); virus/rust/spot capped ~2-3x","HIGH: small sparse spots - NO erasing","YES - train only; val/test unaugmented & deterministic","P2 100-249"
"model2","wheat__stem_rust","136","hold_until_200plus","200","hflip(symptom-appropriate)+small-rot+mild-translate+controlled-brightness; NO blur/erasing/colour-fabrication","conservative","~3-4x (conservative); virus/rust/spot capped ~2-3x","HIGH: fine pustule texture - NO blur/erasing","YES - train only; val/test unaugmented & deterministic","P2 100-249"
"model2","wheat__stripe_rust","325","yes_after_acquisition","200","hflip(symptom-appropriate)+small-rot+mild-translate+controlled-brightness; NO blur/erasing/colour-fabrication","conservative","~3-4x (conservative); virus/rust/spot capped ~2-3x","HIGH: fine pustule texture - NO blur/erasing","YES - train only; val/test unaugmented & deterministic","P3 250-399"
"model2","zucchini__bacterial_wilt","68","hold_until_200plus","200","hflip(symptom-appropriate)+small-rot+mild-translate+controlled-brightness; NO blur/erasing/colour-fabrication","moderate","~3-4x (conservative); virus/rust/spot capped ~2-3x","MEDIUM: preserve symptom boundaries; conservative flips/rotation only","YES - train only; val/test unaugmented & deterministic","P1 <100"
"model2","zucchini__downy_mildew","43","hold_until_200plus","200","hflip(symptom-appropriate)+small-rot+mild-translate+controlled-brightness; NO blur/erasing/colour-fabrication","moderate","~3-4x (conservative); virus/rust/spot capped ~2-3x","MEDIUM: underside texture - conservative","YES - train only; val/test unaugmented & deterministic","P1 <100"
"model2","zucchini__powdery_mildew","200","yes_after_acquisition","200","hflip(symptom-appropriate)+small-rot+mild-translate+controlled-brightness; NO blur/erasing/colour-fabrication","conservative","~3-4x (conservative); virus/rust/spot capped ~2-3x","MED-HIGH: fine white texture - NO blur/erasing","YES - train only; val/test unaugmented & deterministic","P2 100-249"
"model2","zucchini__yellow_mosaic_virus","95","hold_until_200plus","200","hflip(symptom-appropriate)+small-rot+mild-translate+controlled-brightness; NO blur/erasing/colour-fabrication","conservative","~3-4x (conservative); virus/rust/spot capped ~2-3x","HIGH: colour/mosaic diagnostic - NO colour jitter, NO aggressive transforms","YES - train only; val/test unaugmented & deterministic","P1 <100"
"model2","healthy","6939","yes_moderate","200","hflip+small-rot+scale+brightness (symptoms absent - safe)","moderate","~3-5x","LOW - healthy; keep per-crop balance","YES - train only","shared class"
