"canonical_class","aliases","current_real","train","validation","test","target_400","target_500","additional_real_needed_400","additional_real_needed_500","safely_reusable_external_count","remaining_external_needed_400","remaining_external_needed_500","augmentation_required","recommended_augmentation","source_urls","source_quality","licence","notes"
"gypsophila","","0","0","0","0","400","500","400","500","47","353","453","hold_until_200plus","flip/rotate/small-scale/brightness (plant-ID preserving; training only)","STAGED Gypsophila/Hydrangea/Daisy Roboflow CC BY 4.0 (partial ~47 gypsophila)","in-project staged","CC BY 4.0 (staged Roboflow)","ZERO - critical"
"cherry_tomato","alias of tomato (canonical=tomato)","0","0","0","0","400","500","400","500","0","400","500","hold_until_200plus","flip/rotate/small-scale/brightness (plant-ID preserving; training only)","ALIAS of tomato (excluded from active count)","verified open dataset","varies: CC0/CC BY/PlantVillage open access","ZERO - critical"
"gerbera","","3","2","0","1","400","500","397","497","251","146","246","hold_until_200plus","flip/rotate/small-scale/brightness (plant-ID preserving; training only)","STAGED data\external\model1_expansion\gerbera dataset (251)","in-project staged","verify (staged)","P1 <100"
"lilium","","45","37","4","4","400","500","355","455","0","355","455","hold_until_200plus","flip/rotate/small-scale/brightness (plant-ID preserving; training only)","Oxford Flowers 102 ; iNaturalist Lilium","verified open dataset","varies: CC0/CC BY/PlantVillage open access","P1 <100"
"carnation","","51","41","5","5","400","500","349","449","0","349","449","hold_until_200plus","flip/rotate/small-scale/brightness (plant-ID preserving; training only)","Oxford Flowers 102 https://www.robots.ox.ac.uk/~vgg/data/flowers/102/ ; iNaturalist Dianthus","verified open dataset","varies: CC0/CC BY/PlantVillage open access","P1 <100"
"basil","","63","51","6","6","400","500","337","437","0","337","437","hold_until_200plus","flip/rotate/small-scale/brightness (plant-ID preserving; training only)","iNaturalist Ocimum ; Herbal leaf datasets","verified open dataset","varies: CC0/CC BY/PlantVillage open access","P1 <100"
"celery","","65","53","6","6","400","500","335","435","0","335","435","hold_until_200plus","flip/rotate/small-scale/brightness (plant-ID preserving; training only)","iNaturalist Apium ; Herbal datasets","verified open dataset","varies: CC0/CC BY/PlantVillage open access","P1 <100"
"ginger","","91","73","9","9","400","500","309","409","0","309","409","hold_until_200plus","flip/rotate/small-scale/brightness (plant-ID preserving; training only)","iNaturalist Zingiber ; Herbal datasets","verified open dataset","varies: CC0/CC BY/PlantVillage open access","P1 <100"
"cauliflower","","104","84","10","10","400","500","296","396","0","296","396","hold_until_200plus","flip/rotate/small-scale/brightness (plant-ID preserving; training only)","iNaturalist Brassica ; PlantNet","verified open dataset","varies: CC0/CC BY/PlantVillage open access","P2 100-249"
"anthurium","","104","84","10","10","400","500","296","396","0","296","396","hold_until_200plus","flip/rotate/small-scale/brightness (plant-ID preserving; training only)","iNaturalist https://www.inaturalist.org/observations?taxon_name=Anthurium","verified open dataset","varies: CC0/CC BY/PlantVillage open access","P2 100-249"
"maple","","113","91","11","11","400","500","287","387","0","287","387","hold_until_200plus","flip/rotate/small-scale/brightness (plant-ID preserving; training only)","iNaturalist Acer ; Leafsnap","verified open dataset","varies: CC0/CC BY/PlantVillage open access","P2 100-249"
"raspberry","","123","99","12","12","400","500","277","377","0","277","377","hold_until_200plus","flip/rotate/small-scale/brightness (plant-ID preserving; training only)","PlantVillage healthy raspberry ; iNaturalist Rubus","verified open dataset","varies: CC0/CC BY/PlantVillage open access","P2 100-249"
"eggplant","","136","108","14","14","400","500","264","364","0","264","364","hold_until_200plus","flip/rotate/small-scale/brightness (plant-ID preserving; training only)","PlantVillage healthy eggplant ; iNaturalist Solanum melongena","verified open dataset","varies: CC0/CC BY/PlantVillage open access","P2 100-249"
"cherry","","139","111","14","14","400","500","261","361","0","261","361","hold_until_200plus","flip/rotate/small-scale/brightness (plant-ID preserving; training only)","PlantVillage healthy cherry ; iNaturalist Prunus avium","verified open dataset","varies: CC0/CC BY/PlantVillage open access","P2 100-249"
"carrot","","148","118","15","15","400","500","252","352","0","252","352","hold_until_200plus","flip/rotate/small-scale/brightness (plant-ID preserving; training only)","iNaturalist Daucus ; PlantNet","verified open dataset","varies: CC0/CC BY/PlantVillage open access","P2 100-249"
"rice","","155","123","16","16","400","500","245","345","0","245","345","yes_after_acquisition","flip/rotate/small-scale/brightness (plant-ID preserving; training only)","iNaturalist Oryza ; RiceDisease dataset","verified open dataset","varies: CC0/CC BY/PlantVillage open access","P2 100-249"
"tobacco","","178","142","18","18","400","500","222","322","0","222","322","yes_after_acquisition","flip/rotate/small-scale/brightness (plant-ID preserving; training only)","iNaturalist Nicotiana ; PlantNet","verified open dataset","varies: CC0/CC BY/PlantVillage open access","P2 100-249"
"garlic","","198","158","20","20","400","500","202","302","0","202","302","yes_after_acquisition","flip/rotate/small-scale/brightness (plant-ID preserving; training only)","iNaturalist Allium sativum ; PlantNet","verified open dataset","varies: CC0/CC BY/PlantVillage open access","P2 100-249"
"plum","","215","171","22","22","400","500","185","285","0","185","285","yes_after_acquisition","flip/rotate/small-scale/brightness (plant-ID preserving; training only)","PlantVillage healthy ; iNaturalist Prunus domestica","verified open dataset","varies: CC0/CC BY/PlantVillage open access","P2 100-249"
"potato","","239","191","24","24","400","500","161","261","0","161","261","yes_after_acquisition","flip/rotate/small-scale/brightness (plant-ID preserving; training only)","PlantVillage healthy potato ; iNaturalist Solanum tuberosum","verified open dataset","varies: CC0/CC BY/PlantVillage open access","P2 100-249"
"melon","","247","197","25","25","400","500","153","253","0","153","253","yes_after_acquisition","flip/rotate/small-scale/brightness (plant-ID preserving; training only)","PlantVillage healthy ; iNaturalist Cucumis melo","verified open dataset","varies: CC0/CC BY/PlantVillage open access","P2 100-249"
"geranium","","251","201","25","25","400","500","149","249","0","149","249","yes_after_acquisition","flip/rotate/small-scale/brightness (plant-ID preserving; training only)","iNaturalist Pelargonium ; Oxford Flowers 102","verified open dataset","varies: CC0/CC BY/PlantVillage open access","P3 250-399"
"cabbage","","274","220","27","27","400","500","126","226","0","126","226","yes_after_acquisition","flip/rotate/small-scale/brightness (plant-ID preserving; training only)","PlantVillage healthy ; iNaturalist Brassica","verified open dataset","varies: CC0/CC BY/PlantVillage open access","P3 250-399"
"coffee","","284","228","28","28","400","500","116","216","0","116","216","yes_after_acquisition","flip/rotate/small-scale/brightness (plant-ID preserving; training only)","iNaturalist Coffea ; PlantNet","verified open dataset","varies: CC0/CC BY/PlantVillage open access","P3 250-399"
"blueberry","","314","252","31","31","400","500","86","186","0","86","186","yes_after_acquisition","flip/rotate/small-scale/brightness (plant-ID preserving; training only)","PlantVillage healthy blueberry ; iNaturalist Vaccinium","verified open dataset","varies: CC0/CC BY/PlantVillage open access","P3 250-399"
"zucchini","","393","315","39","39","400","500","7","107","0","7","107","yes_after_acquisition","flip/rotate/small-scale/brightness (plant-ID preserving; training only)","PlantVillage healthy squash ; iNaturalist Cucurbita","verified open dataset","varies: CC0/CC BY/PlantVillage open access","P3 250-399"
"broccoli","","414","332","41","41","400","500","0","86","0","0","86","yes_moderate","flip/rotate/small-scale/brightness (plant-ID preserving; training only)","iNaturalist Brassica oleracea ; PlantNet","verified open dataset","varies: CC0/CC BY/PlantVillage open access","meets target"
"chrysanthemum","","418","334","42","42","400","500","0","82","0","0","82","yes_moderate","flip/rotate/small-scale/brightness (plant-ID preserving; training only)","Oxford Flowers 102 ; iNaturalist Chrysanthemum","verified open dataset","varies: CC0/CC BY/PlantVillage open access","meets target"
"peach","","444","356","44","44","400","500","0","56","0","0","56","yes_moderate","flip/rotate/small-scale/brightness (plant-ID preserving; training only)","PlantVillage healthy peach ; iNaturalist Prunus persica","verified open dataset","varies: CC0/CC BY/PlantVillage open access","meets target"
"citrus","","521","417","52","52","400","500","0","0","0","0","0","yes_moderate","flip/rotate/small-scale/brightness (plant-ID preserving; training only)","PlantVillage healthy orange ; iNaturalist Citrus","verified open dataset","varies: CC0/CC BY/PlantVillage open access","meets target"
"banana","","536","428","54","54","400","500","0","0","0","0","0","yes_moderate","flip/rotate/small-scale/brightness (plant-ID preserving; training only)","iNaturalist Musa ; PlantNet https://plantnet.org","verified open dataset","varies: CC0/CC BY/PlantVillage open access","meets target"
"grape","","558","446","56","56","400","500","0","0","0","0","0","yes_moderate","flip/rotate/small-scale/brightness (plant-ID preserving; training only)","PlantVillage healthy grape ; iNaturalist Vitis","verified open dataset","varies: CC0/CC BY/PlantVillage open access","meets target"
"apple","","566","452","57","57","400","500","0","0","0","0","0","yes_moderate","flip/rotate/small-scale/brightness (plant-ID preserving; training only)","PlantVillage https://github.com/spMohanty/PlantVillage-Dataset ; iNaturalist Malus","verified open dataset","varies: CC0/CC BY/PlantVillage open access","meets target"
"corn","","616","492","62","62","400","500","0","0","0","0","0","yes_moderate","flip/rotate/small-scale/brightness (plant-ID preserving; training only)","PlantVillage healthy corn ; iNaturalist Zea mays","verified open dataset","varies: CC0/CC BY/PlantVillage open access","meets target"
"strawberry","","630","500","65","65","400","500","0","0","0","0","0","yes_moderate","flip/rotate/small-scale/brightness (plant-ID preserving; training only)","PlantVillage healthy strawberry ; iNaturalist Fragaria","verified open dataset","varies: CC0/CC BY/PlantVillage open access","meets target"
"spinach","","630","500","65","65","400","500","0","0","0","0","0","yes_moderate","flip/rotate/small-scale/brightness (plant-ID preserving; training only)","PlantVillage healthy spinach ; iNaturalist Spinacia","verified open dataset","varies: CC0/CC BY/PlantVillage open access","meets target"
"wheat","","630","500","65","65","400","500","0","0","0","0","0","yes_moderate","flip/rotate/small-scale/brightness (plant-ID preserving; training only)","iNaturalist Triticum ; PlantNet","verified open dataset","varies: CC0/CC BY/PlantVillage open access","meets target"
"tomato","","630","500","65","65","400","500","0","0","0","0","0","yes_moderate","flip/rotate/small-scale/brightness (plant-ID preserving; training only)","PlantVillage healthy tomato ; iNaturalist Solanum lycopersicum","verified open dataset","varies: CC0/CC BY/PlantVillage open access","meets target"
"french_bean","","630","500","65","65","400","500","0","0","0","0","0","yes_moderate","flip/rotate/small-scale/brightness (plant-ID preserving; training only)","Makerere bean dataset (HF) ; iNaturalist Phaseolus","verified open dataset","varies: CC0/CC BY/PlantVillage open access","meets target"
"soybean","","630","500","65","65","400","500","0","0","0","0","0","yes_moderate","flip/rotate/small-scale/brightness (plant-ID preserving; training only)","iNaturalist Glycine max ; PlantNet","verified open dataset","varies: CC0/CC BY/PlantVillage open access","meets target"
"lettuce","","630","500","65","65","400","500","0","0","0","0","0","yes_moderate","flip/rotate/small-scale/brightness (plant-ID preserving; training only)","PlantVillage healthy lettuce ; iNaturalist Lactuca","verified open dataset","varies: CC0/CC BY/PlantVillage open access","meets target"
"orchid","","630","500","65","65","400","500","0","0","0","0","0","yes_moderate","flip/rotate/small-scale/brightness (plant-ID preserving; training only)","Oxford Flowers 102 ; iNaturalist Orchidaceae","verified open dataset","varies: CC0/CC BY/PlantVillage open access","meets target"
"capsicum","","630","500","65","65","400","500","0","0","0","0","0","yes_moderate","flip/rotate/small-scale/brightness (plant-ID preserving; training only)","PlantVillage healthy bell_pepper ; iNaturalist Capsicum","verified open dataset","varies: CC0/CC BY/PlantVillage open access","meets target"
"rose","","630","500","65","65","400","500","0","0","0","0","0","yes_moderate","flip/rotate/small-scale/brightness (plant-ID preserving; training only)","Oxford Flowers 102 ; iNaturalist Rosa","verified open dataset","varies: CC0/CC BY/PlantVillage open access","meets target"
"marigold","","630","500","65","65","400","500","0","0","0","0","0","yes_moderate","flip/rotate/small-scale/brightness (plant-ID preserving; training only)","iNaturalist Tagetes ; Oxford Flowers 102","verified open dataset","varies: CC0/CC BY/PlantVillage open access","meets target"
"cucumber","","630","500","65","65","400","500","0","0","0","0","0","yes_moderate","flip/rotate/small-scale/brightness (plant-ID preserving; training only)","PlantVillage healthy cucumber ; iNaturalist Cucumis","verified open dataset","varies: CC0/CC BY/PlantVillage open access","meets target"
