actual_class,predicted_class,count,actual_support,error_rate_in_actual
wheat,garlic,6,65,0.0923
french_bean,soybean,5,65,0.0769
apple,citrus,4,57,0.0702
apple,peach,4,57,0.0702
cabbage,broccoli,4,27,0.1481
broccoli,cabbage,3,41,0.0732
cauliflower,broccoli,3,10,0.3
garlic,wheat,3,20,0.15
ginger,rice,3,9,0.3333
plum,peach,3,22,0.1364
apple,cherry,2,57,0.0351
apple,maple,2,57,0.0351
apple,plum,2,57,0.0351
apple,soybean,2,57,0.0351
celery,zucchini,2,6,0.3333
cherry,apple,2,14,0.1429
cherry,grape,2,14,0.1429
grape,raspberry,2,56,0.0357
peach,apple,2,44,0.0455
plum,cherry,2,22,0.0909
potato,soybean,2,24,0.0833
rice,wheat,2,16,0.125
soybean,french_bean,2,65,0.0308
strawberry,raspberry,2,65,0.0308
wheat,corn,2,65,0.0308
wheat,rice,2,65,0.0308
zucchini,grape,2,39,0.0513
apple,coffee,1,57,0.0175
apple,eggplant,1,57,0.0175
apple,rose,1,57,0.0175
banana,apple,1,54,0.0185
banana,citrus,1,54,0.0185
basil,carrot,1,6,0.1667
basil,zucchini,1,6,0.1667
blueberry,carrot,1,31,0.0323
blueberry,corn,1,31,0.0323
blueberry,plum,1,31,0.0323
blueberry,raspberry,1,31,0.0323
broccoli,cauliflower,1,41,0.0244
broccoli,cucumber,1,41,0.0244
broccoli,plum,1,41,0.0244
cabbage,basil,1,27,0.037
cabbage,cauliflower,1,27,0.037
cabbage,french_bean,1,27,0.037
cabbage,tobacco,1,27,0.037
capsicum,basil,1,65,0.0154
capsicum,blueberry,1,65,0.0154
capsicum,spinach,1,65,0.0154
cauliflower,cabbage,1,10,0.1
cauliflower,eggplant,1,10,0.1
cherry,banana,1,14,0.0714
cherry,citrus,1,14,0.0714
cherry,coffee,1,14,0.0714
cherry,rose,1,14,0.0714
cherry,zucchini,1,14,0.0714
chrysanthemum,marigold,1,42,0.0238
citrus,blueberry,1,52,0.0192
citrus,cherry,1,52,0.0192
citrus,tobacco,1,52,0.0192
coffee,french_bean,1,28,0.0357
coffee,peach,1,28,0.0357
coffee,tobacco,1,28,0.0357
corn,rice,1,62,0.0161
corn,wheat,1,62,0.0161
cucumber,zucchini,1,65,0.0154
eggplant,capsicum,1,14,0.0714
eggplant,coffee,1,14,0.0714
french_bean,apple,1,65,0.0154
french_bean,eggplant,1,65,0.0154
french_bean,potato,1,65,0.0154
garlic,corn,1,20,0.05
garlic,eggplant,1,20,0.05
gerbera,raspberry,1,1,1.0
ginger,wheat,1,9,0.1111
grape,cabbage,1,56,0.0179
grape,carrot,1,56,0.0179
grape,celery,1,56,0.0179
grape,citrus,1,56,0.0179
grape,peach,1,56,0.0179
lettuce,cabbage,1,65,0.0154
lettuce,cauliflower,1,65,0.0154
lettuce,eggplant,1,65,0.0154
lettuce,grape,1,65,0.0154
lettuce,marigold,1,65,0.0154
lettuce,tobacco,1,65,0.0154
lettuce,zucchini,1,65,0.0154
maple,carrot,1,11,0.0909
peach,cherry,1,44,0.0227
plum,apple,1,22,0.0455
plum,eggplant,1,22,0.0455
potato,basil,1,24,0.0417
potato,carrot,1,24,0.0417
potato,eggplant,1,24,0.0417
potato,grape,1,24,0.0417
raspberry,peach,1,12,0.0833
raspberry,soybean,1,12,0.0833
rice,banana,1,16,0.0625
rice,ginger,1,16,0.0625
rose,geranium,1,65,0.0154
soybean,cauliflower,1,65,0.0154
soybean,potato,1,65,0.0154
soybean,zucchini,1,65,0.0154
strawberry,maple,1,65,0.0154
tobacco,broccoli,1,18,0.0556
tomato,lettuce,1,65,0.0154
wheat,raspberry,1,65,0.0154
zucchini,cucumber,1,39,0.0256
