source_dataset,image_count,percentage_of_dataset,crops_supported
model2_v4_plantseg,4550,29.23%,apple;banana;basil;cabbage;carrot;cauliflower;celery;cherry;citrus;coffee;corn;eggplant;garlic;ginger;grape;maple;peach;plum;potato;raspberry;rice;soybean;tobacco;wheat
model2_v4_plantseg_v3_supplementary,2181,14.01%,apple;banana;basil;cabbage;carrot;cauliflower;celery;cherry;citrus;coffee;corn;eggplant;garlic;ginger;grape;maple;peach;plum;potato;raspberry;rice;soybean;tobacco;wheat
Herbal_Dataset.v11i.yolov11,921,5.92%,chrysanthemum;cucumber;marigold;melon;rose;tomato
pepper_bell,630,4.05%,capsicum
lettuce-disease.v6i.folder,630,4.05%,lettuce
Orchid_source,630,4.05%,orchid
spinach_disease,630,4.05%,spinach
cucumber,625,4.02%,cucumber
rose_new,611,3.93%,rose
tomato,597,3.84%,tomato
hf_makerere_beans,572,3.67%,french_bean
strawberry_clean,562,3.61%,strawberry
broccoli_new,414,2.66%,broccoli
Marigold_new,372,2.39%,marigold
plantseg,337,2.16%,french_bean;tomato;zucchini
model2_v4_anand_soybean_rust_hf,254,1.63%,soybean
blueberry_leaves,201,1.29%,blueberry
zuchhini,141,0.91%,zucchini
medicinal_plants,135,0.87%,geranium
geranium,116,0.75%,geranium
blueberry,112,0.72%,blueberry
anthurium,104,0.67%,anthurium
carnation,51,0.33%,carnation
strawberry_leaves,47,0.30%,strawberry
oxford_flowers_102,45,0.29%,lilium
Fruits Model.v1i.yolov11,32,0.21%,melon
model2_v4_external_healthy_cauliflower,29,0.19%,cauliflower
strawberry,21,0.13%,strawberry
model2_v4_external_healthy_cabbage,12,0.08%,cabbage
gerbera_commons,3,0.02%,gerbera
blueberry_leaves_external,1,0.01%,blueberry
