class_name,class_idx,category,precision,recall,f1_score,support
anthurium,0,ORIGINAL_22,1.0,1.0,1.0,10.0
apple,1,NEW_24,0.8444,0.6667,0.7451,57.0
banana,2,NEW_24,0.963,0.963,0.963,54.0
basil,3,NEW_24,0.5714,0.6667,0.6154,6.0
blueberry,4,ORIGINAL_22,0.931,0.871,0.9,31.0
broccoli,5,ORIGINAL_22,0.814,0.8537,0.8333,41.0
cabbage,6,NEW_24,0.76,0.7037,0.7308,27.0
capsicum,7,ORIGINAL_22,0.9841,0.9538,0.9688,65.0
carnation,8,ORIGINAL_22,1.0,1.0,1.0,5.0
carrot,9,NEW_24,0.75,1.0,0.8571,15.0
cauliflower,10,NEW_24,0.5556,0.5,0.5263,10.0
celery,11,NEW_24,0.8,0.6667,0.7273,6.0
cherry,12,NEW_24,0.4545,0.3571,0.4,14.0
cherry_tomato,13,ORIGINAL_22,0.0,0.0,0.0,0.0
chrysanthemum,14,ORIGINAL_22,1.0,0.9762,0.988,42.0
citrus,15,NEW_24,0.875,0.9423,0.9074,52.0
coffee,16,NEW_24,0.8929,0.8929,0.8929,28.0
corn,17,NEW_24,0.9375,0.9677,0.9524,62.0
cucumber,18,ORIGINAL_22,0.9697,0.9846,0.9771,65.0
eggplant,19,NEW_24,0.6316,0.8571,0.7273,14.0
french_bean,20,ORIGINAL_22,0.9344,0.8769,0.9048,65.0
garlic,21,NEW_24,0.7143,0.75,0.7317,20.0
geranium,22,ORIGINAL_22,0.9615,1.0,0.9804,25.0
gerbera,23,ORIGINAL_22,0.0,0.0,0.0,1.0
ginger,24,NEW_24,0.8333,0.5556,0.6667,9.0
grape,25,NEW_24,0.8909,0.875,0.8829,56.0
gypsophila,26,ORIGINAL_22,0.0,0.0,0.0,0.0
lettuce,27,ORIGINAL_22,0.9831,0.8923,0.9355,65.0
lilium,28,ORIGINAL_22,1.0,1.0,1.0,4.0
maple,29,NEW_24,0.7692,0.9091,0.8333,11.0
marigold,30,ORIGINAL_22,0.9701,1.0,0.9848,65.0
melon,31,ORIGINAL_22,1.0,1.0,1.0,25.0
orchid,32,ORIGINAL_22,1.0,1.0,1.0,65.0
peach,33,NEW_24,0.8039,0.9318,0.8632,44.0
plum,34,NEW_24,0.7895,0.6818,0.7317,22.0
potato,35,NEW_24,0.9,0.75,0.8182,24.0
raspberry,36,NEW_24,0.5882,0.8333,0.6897,12.0
rice,37,NEW_24,0.6667,0.75,0.7059,16.0
rose,38,ORIGINAL_22,0.9697,0.9846,0.9771,65.0
soybean,39,NEW_24,0.8571,0.9231,0.8889,65.0
spinach,40,ORIGINAL_22,0.9848,1.0,0.9924,65.0
strawberry,41,ORIGINAL_22,1.0,0.9538,0.9764,65.0
tobacco,42,NEW_24,0.8095,0.9444,0.8718,18.0
tomato,43,ORIGINAL_22,1.0,0.9846,0.9922,65.0
wheat,44,NEW_24,0.8852,0.8308,0.8571,65.0
zucchini,45,ORIGINAL_22,0.8372,0.9231,0.878,39.0
