class,current_verified_train,current_val,current_test,test_support,test_precision,test_recall,test_f1,n_sources,sources,proposed_additional_real,recommended_target_train,priority,reason,potential_source,label_verification_requirements
gypsophila,0,0,0,0,0.0,0.0,0.0,0,,100,100,P0,Zero train/val/test. Documented floriculture gap class; needs founding set before activation. Error pattern: label_and_mapping_issue; confusions: None (never predicted).,Floriculture nurseries/extension image banks (baby's-breath); needs expert ID.,SHA-256 dedupe vs train/val/test + 178-image benchmark; expert or 2-reviewer crop-label sign-off; license check; no test-set or benchmark reuse.
gerbera,2,0,1,1,0.0,0.0,0.0,1,gerbera_commons:3,98,100,P0,"Critical data gap (<20 train). Error pattern: insufficient_data; confusions: raspberry (0.34), gerbera (0.29), chrysanthemum (0.28).",Public-domain floriculture (Wikimedia Commons gerbera); verified single-flower images.,PRIORITY: new independent source (single-source bias). SHA-256 dedupe vs train/val/test + 178-image benchmark; expert or 2-reviewer crop-label sign-off; license check; no test-set or benchmark reuse.
lilium,37,4,4,4,1.0,1.0,1.0,1,oxford_flowers_102:45,63,100,P1,Severe gap (20-40 train); test F1=1.00. Acquire before relying on augmentation.,Oxford Flowers 102 spare lilium + extension lily imagery (same pool as current 45).,PRIORITY: new independent source (single-source bias). SHA-256 dedupe vs train/val/test + 178-image benchmark; expert or 2-reviewer crop-label sign-off; license check; no test-set or benchmark reuse.
basil,51,6,6,6,0.5714,0.6667,0.6154,2,model2_v4_plantseg:41; model2_v4_plantseg_v3_supplementary:22,49,100,P1,"Weak F1=0.62 with <100 train (plus error/root-cause pattern). Bring to >=100 verified. Error pattern: insufficient_data_and_class_imbalance; confusions: zucchini (1), carrot (1).",PlantSeg herb pools / culinary herb photography (downy-mildew-free foliage).,SHA-256 dedupe vs train/val/test + 178-image benchmark; expert or 2-reviewer crop-label sign-off; license check; no test-set or benchmark reuse.
celery,53,6,6,6,0.8,0.6667,0.7273,2,model2_v4_plantseg:40; model2_v4_plantseg_v3_supplementary:25,47,100,P1,Weak F1=0.73 with <100 train (plus error/root-cause pattern). Bring to >=100 verified.,Apiaceae vegetable extension imagery.,SHA-256 dedupe vs train/val/test + 178-image benchmark; expert or 2-reviewer crop-label sign-off; license check; no test-set or benchmark reuse.
ginger,73,9,9,9,0.8333,0.5556,0.6667,2,model2_v4_plantseg:79; model2_v4_plantseg_v3_supplementary:12,27,100,P1,"Weak F1=0.67 with <100 train (plus error/root-cause pattern). Bring to >=100 verified. Error pattern: visual_similarity_and_shared_symptom_pathology; confusions: rice (3), wheat (1).",Zingiberaceae field imagery (monocot confusion pairs need rice/wheat-distinct contexts).,SHA-256 dedupe vs train/val/test + 178-image benchmark; expert or 2-reviewer crop-label sign-off; license check; no test-set or benchmark reuse.
cauliflower,84,10,10,10,0.5556,0.5,0.5263,3,model2_v4_plantseg:45; model2_v4_plantseg_v3_supplementary:30; model2_v4_external_healthy_cauliflower:29,16,100,P1,"Weak F1=0.53 with <100 train (plus error/root-cause pattern). Bring to >=100 verified. Error pattern: visual_similarity_and_class_imbalance; confusions: broccoli (3), cabbage (1), eggplant (1).",Brassica vegetable trials scoring curd-adjacent foliage; pair with broccoli/cabbage distinctness.,SHA-256 dedupe vs train/val/test + 178-image benchmark; expert or 2-reviewer crop-label sign-off; license check; no test-set or benchmark reuse.
raspberry,99,12,12,12,0.5882,0.8333,0.6897,2,model2_v4_plantseg:73; model2_v4_plantseg_v3_supplementary:50,1,100,P1,"Weak F1=0.69 with <100 train (plus error/root-cause pattern). Bring to >=100 verified. Error pattern: visual_similarity_and_inter_class_overlap; confusions: peach (1), soybean (1); incoming: grape (2), strawberry (2), blueberry (1).",Rosaceae berry extension imagery (compound-leaf contexts).,SHA-256 dedupe vs train/val/test + 178-image benchmark; expert or 2-reviewer crop-label sign-off; license check; no test-set or benchmark reuse.
cherry,111,14,14,14,0.4545,0.3571,0.4,2,model2_v4_plantseg:91; model2_v4_plantseg_v3_supplementary:48,39,150,P1,"Weak F1=0.40 with moderate support — confusion-driven; add diverse real images. Error pattern: visual_similarity_and_background_bias; confusions: apple (2), grape (2), citrus (1), zucchini (1), rose (1), coffee (1), banana (1).",Stone-fruit extension imagery with canopy context (current set is tight close-ups).,SHA-256 dedupe vs train/val/test + 178-image benchmark; expert or 2-reviewer crop-label sign-off; license check; no test-set or benchmark reuse.
carnation,41,5,5,5,1.0,1.0,1.0,1,carnation:51,59,100,P2,Below 100 train but F1=1.00 perfect/strong; still needs >=100 for confidence.,Extension floriculture sets; same domain as current single-source pool.,PRIORITY: new independent source (single-source bias). SHA-256 dedupe vs train/val/test + 178-image benchmark; expert or 2-reviewer crop-label sign-off; license check; no test-set or benchmark reuse.
anthurium,84,10,10,10,1.0,1.0,1.0,1,anthurium:104,16,100,P2,Below 100 train but F1=1.00 perfect/strong; still needs >=100 for confidence.,Ornamental aroid collections; broaden beyond single local archive.,PRIORITY: new independent source (single-source bias). SHA-256 dedupe vs train/val/test + 178-image benchmark; expert or 2-reviewer crop-label sign-off; license check; no test-set or benchmark reuse.
maple,91,11,11,11,0.7692,0.9091,0.8333,2,model2_v4_plantseg:57; model2_v4_plantseg_v3_supplementary:56,9,100,P2,Below 100 train but F1=0.83 perfect/strong; still needs >=100 for confidence.,Urban forestry / PlantSeg maple pools.,SHA-256 dedupe vs train/val/test + 178-image benchmark; expert or 2-reviewer crop-label sign-off; license check; no test-set or benchmark reuse.
eggplant,108,14,14,14,0.6316,0.8571,0.7273,2,model2_v4_plantseg:90; model2_v4_plantseg_v3_supplementary:46,42,150,P2,F1=0.73 below bar despite 100+ train; source-diversity acquisition.,Solanaceae vegetable extension pools.,SHA-256 dedupe vs train/val/test + 178-image benchmark; expert or 2-reviewer crop-label sign-off; license check; no test-set or benchmark reuse.
rice,123,16,16,16,0.6667,0.75,0.7059,2,model2_v4_plantseg:102; model2_v4_plantseg_v3_supplementary:53,27,150,P2,F1=0.71 below bar despite 100+ train; source-diversity acquisition.,Paddy field imagery distinct from wheat (monocot confusion).,SHA-256 dedupe vs train/val/test + 178-image benchmark; expert or 2-reviewer crop-label sign-off; license check; no test-set or benchmark reuse.
garlic,158,20,20,20,0.7143,0.75,0.7317,2,model2_v4_plantseg:159; model2_v4_plantseg_v3_supplementary:39,0,158,P2,F1=0.73 below bar despite 100+ train; source-diversity acquisition.,Allium field imagery.,SHA-256 dedupe vs train/val/test + 178-image benchmark; expert or 2-reviewer crop-label sign-off; license check; no test-set or benchmark reuse.
plum,171,22,22,22,0.7895,0.6818,0.7317,2,model2_v4_plantseg:115; model2_v4_plantseg_v3_supplementary:100,0,171,P2,F1=0.73 below bar despite 100+ train; source-diversity acquisition.,Stone-fruit extension pools.,SHA-256 dedupe vs train/val/test + 178-image benchmark; expert or 2-reviewer crop-label sign-off; license check; no test-set or benchmark reuse.
cabbage,220,27,27,27,0.76,0.7037,0.7308,3,model2_v4_plantseg:173; model2_v4_plantseg_v3_supplementary:89; model2_v4_external_healthy_cabbage:12,30,250,P2,Weak F1=0.73 despite 220 train — source-domain/label-quality issue; targeted real images.,Brassica trials; distinct-from-broccoli/cauliflower foliage contexts.,SHA-256 dedupe vs train/val/test + 178-image benchmark; expert or 2-reviewer crop-label sign-off; license check; no test-set or benchmark reuse.
apple,452,57,57,57,0.8444,0.6667,0.7451,2,model2_v4_plantseg:400; model2_v4_plantseg_v3_supplementary:166,30,482,P2,Weak F1=0.75 despite 452 train — source-domain/label-quality issue; targeted real images.,"Orchard imagery with canopy/background diversity (confusions: grape, citrus, rose).",SHA-256 dedupe vs train/val/test + 178-image benchmark; expert or 2-reviewer crop-label sign-off; license check; no test-set or benchmark reuse.
carrot,118,15,15,15,0.75,1.0,0.8571,2,model2_v4_plantseg:103; model2_v4_plantseg_v3_supplementary:45,0,118,P3,F1=0.86 adequate; monitor only.,Apiaceae field imagery.,SHA-256 dedupe vs train/val/test + 178-image benchmark; expert or 2-reviewer crop-label sign-off; license check; no test-set or benchmark reuse.
tobacco,142,18,18,18,0.8095,0.9444,0.8718,2,model2_v4_plantseg:124; model2_v4_plantseg_v3_supplementary:54,0,142,P3,F1=0.87 adequate; monitor only.,Nicotiana extension pools.,SHA-256 dedupe vs train/val/test + 178-image benchmark; expert or 2-reviewer crop-label sign-off; license check; no test-set or benchmark reuse.
potato,191,24,24,24,0.9,0.75,0.8182,2,model2_v4_plantseg:142; model2_v4_plantseg_v3_supplementary:97,0,191,P3,F1=0.82 adequate; monitor only.,Solanaceae field trials.,SHA-256 dedupe vs train/val/test + 178-image benchmark; expert or 2-reviewer crop-label sign-off; license check; no test-set or benchmark reuse.
melon,197,25,25,25,1.0,1.0,1.0,2,Herbal_Dataset.v11i.yolov11:215; Fruits Model.v1i.yolov11:32,0,197,P3,F1=1.00 adequate; monitor only.,Extension/agronomic imagery matching current domain; expert-verified.,SHA-256 dedupe vs train/val/test + 178-image benchmark; expert or 2-reviewer crop-label sign-off; license check; no test-set or benchmark reuse.
geranium,201,25,25,25,0.9615,1.0,0.9804,2,medicinal_plants:135; geranium:116,0,201,P3,F1=0.98 strong; no acquisition.,Extension/agronomic imagery matching current domain; expert-verified.,SHA-256 dedupe vs train/val/test + 178-image benchmark; expert or 2-reviewer crop-label sign-off; license check; no test-set or benchmark reuse.
coffee,228,28,28,28,0.8929,0.8929,0.8929,2,model2_v4_plantseg:186; model2_v4_plantseg_v3_supplementary:98,0,228,P3,F1=0.89 strong; no acquisition.,Extension/agronomic imagery matching current domain; expert-verified.,SHA-256 dedupe vs train/val/test + 178-image benchmark; expert or 2-reviewer crop-label sign-off; license check; no test-set or benchmark reuse.
blueberry,252,31,31,31,0.931,0.871,0.9,3,blueberry_leaves:201; blueberry:112; blueberry_leaves_external:1,0,252,P3,F1=0.90 strong; no acquisition.,Extension/agronomic imagery matching current domain; expert-verified.,SHA-256 dedupe vs train/val/test + 178-image benchmark; expert or 2-reviewer crop-label sign-off; license check; no test-set or benchmark reuse.
zucchini,315,39,39,39,0.8372,0.9231,0.878,2,plantseg:252; zuchhini:141,0,315,P3,F1=0.88 strong; no acquisition.,Extension/agronomic imagery matching current domain; expert-verified.,SHA-256 dedupe vs train/val/test + 178-image benchmark; expert or 2-reviewer crop-label sign-off; license check; no test-set or benchmark reuse.
broccoli,332,41,41,41,0.814,0.8537,0.8333,1,broccoli_new:414,0,332,P3,F1=0.83 acceptable at this volume; monitor.,Extension/agronomic imagery matching current domain; expert-verified.,PRIORITY: new independent source (single-source bias). SHA-256 dedupe vs train/val/test + 178-image benchmark; expert or 2-reviewer crop-label sign-off; license check; no test-set or benchmark reuse.
chrysanthemum,334,42,42,42,1.0,0.9762,0.988,1,Herbal_Dataset.v11i.yolov11:418,0,334,P3,F1=0.99 strong; no acquisition.,Extension/agronomic imagery matching current domain; expert-verified.,PRIORITY: new independent source (single-source bias). SHA-256 dedupe vs train/val/test + 178-image benchmark; expert or 2-reviewer crop-label sign-off; license check; no test-set or benchmark reuse.
peach,356,44,44,44,0.8039,0.9318,0.8632,2,model2_v4_plantseg:282; model2_v4_plantseg_v3_supplementary:162,0,356,P3,F1=0.86 strong; no acquisition.,Extension/agronomic imagery matching current domain; expert-verified.,SHA-256 dedupe vs train/val/test + 178-image benchmark; expert or 2-reviewer crop-label sign-off; license check; no test-set or benchmark reuse.
citrus,417,52,52,52,0.875,0.9423,0.9074,2,model2_v4_plantseg:414; model2_v4_plantseg_v3_supplementary:107,0,417,P3,F1=0.91 strong; no acquisition.,Extension/agronomic imagery matching current domain; expert-verified.,SHA-256 dedupe vs train/val/test + 178-image benchmark; expert or 2-reviewer crop-label sign-off; license check; no test-set or benchmark reuse.
banana,428,54,54,54,0.963,0.963,0.963,2,model2_v4_plantseg:337; model2_v4_plantseg_v3_supplementary:199,0,428,P3,F1=0.96 strong; no acquisition.,Extension/agronomic imagery matching current domain; expert-verified.,SHA-256 dedupe vs train/val/test + 178-image benchmark; expert or 2-reviewer crop-label sign-off; license check; no test-set or benchmark reuse.
grape,446,56,56,56,0.8909,0.875,0.8829,2,model2_v4_plantseg:394; model2_v4_plantseg_v3_supplementary:164,0,446,P3,F1=0.88 strong; no acquisition.,Extension/agronomic imagery matching current domain; expert-verified.,SHA-256 dedupe vs train/val/test + 178-image benchmark; expert or 2-reviewer crop-label sign-off; license check; no test-set or benchmark reuse.
corn,492,62,62,62,0.9375,0.9677,0.9524,2,model2_v4_plantseg:419; model2_v4_plantseg_v3_supplementary:197,0,492,P3,F1=0.95 strong; no acquisition.,Extension/agronomic imagery matching current domain; expert-verified.,SHA-256 dedupe vs train/val/test + 178-image benchmark; expert or 2-reviewer crop-label sign-off; license check; no test-set or benchmark reuse.
capsicum,500,65,65,65,0.9841,0.9538,0.9688,1,pepper_bell:630,0,500,P3,F1=0.97 strong; no acquisition.,Extension/agronomic imagery matching current domain; expert-verified.,PRIORITY: new independent source (single-source bias). SHA-256 dedupe vs train/val/test + 178-image benchmark; expert or 2-reviewer crop-label sign-off; license check; no test-set or benchmark reuse.
cucumber,500,65,65,65,0.9697,0.9846,0.9771,2,cucumber:625; Herbal_Dataset.v11i.yolov11:5,0,500,P3,F1=0.98 strong; no acquisition.,Extension/agronomic imagery matching current domain; expert-verified.,SHA-256 dedupe vs train/val/test + 178-image benchmark; expert or 2-reviewer crop-label sign-off; license check; no test-set or benchmark reuse.
french_bean,500,65,65,65,0.9344,0.8769,0.9048,2,hf_makerere_beans:572; plantseg:58,0,500,P3,F1=0.90 strong; no acquisition.,Extension/agronomic imagery matching current domain; expert-verified.,SHA-256 dedupe vs train/val/test + 178-image benchmark; expert or 2-reviewer crop-label sign-off; license check; no test-set or benchmark reuse.
lettuce,500,65,65,65,0.9831,0.8923,0.9355,1,lettuce-disease.v6i.folder:630,0,500,P3,F1=0.94 strong; no acquisition.,Extension/agronomic imagery matching current domain; expert-verified.,PRIORITY: new independent source (single-source bias). SHA-256 dedupe vs train/val/test + 178-image benchmark; expert or 2-reviewer crop-label sign-off; license check; no test-set or benchmark reuse.
marigold,500,65,65,65,0.9701,1.0,0.9848,2,Marigold_new:372; Herbal_Dataset.v11i.yolov11:258,0,500,P3,F1=0.98 strong; no acquisition.,Extension/agronomic imagery matching current domain; expert-verified.,SHA-256 dedupe vs train/val/test + 178-image benchmark; expert or 2-reviewer crop-label sign-off; license check; no test-set or benchmark reuse.
orchid,500,65,65,65,1.0,1.0,1.0,1,Orchid_source:630,0,500,P3,F1=1.00 strong; no acquisition.,Extension/agronomic imagery matching current domain; expert-verified.,PRIORITY: new independent source (single-source bias). SHA-256 dedupe vs train/val/test + 178-image benchmark; expert or 2-reviewer crop-label sign-off; license check; no test-set or benchmark reuse.
rose,500,65,65,65,0.9697,0.9846,0.9771,2,rose_new:611; Herbal_Dataset.v11i.yolov11:19,0,500,P3,F1=0.98 strong; no acquisition.,Extension/agronomic imagery matching current domain; expert-verified.,SHA-256 dedupe vs train/val/test + 178-image benchmark; expert or 2-reviewer crop-label sign-off; license check; no test-set or benchmark reuse.
soybean,500,65,65,65,0.8571,0.9231,0.8889,3,model2_v4_plantseg:263; model2_v4_anand_soybean_rust_hf:254; model2_v4_plantseg_v3_supplementary:113,0,500,P3,F1=0.89 strong; no acquisition.,Extension/agronomic imagery matching current domain; expert-verified.,SHA-256 dedupe vs train/val/test + 178-image benchmark; expert or 2-reviewer crop-label sign-off; license check; no test-set or benchmark reuse.
spinach,500,65,65,65,0.9848,1.0,0.9924,1,spinach_disease:630,0,500,P3,F1=0.99 strong; no acquisition.,Extension/agronomic imagery matching current domain; expert-verified.,PRIORITY: new independent source (single-source bias). SHA-256 dedupe vs train/val/test + 178-image benchmark; expert or 2-reviewer crop-label sign-off; license check; no test-set or benchmark reuse.
strawberry,500,65,65,65,1.0,0.9538,0.9764,3,strawberry_clean:562; strawberry_leaves:47; strawberry:21,0,500,P3,F1=0.98 strong; no acquisition.,Extension/agronomic imagery matching current domain; expert-verified.,SHA-256 dedupe vs train/val/test + 178-image benchmark; expert or 2-reviewer crop-label sign-off; license check; no test-set or benchmark reuse.
tomato,500,65,65,65,1.0,0.9846,0.9922,3,tomato:597; plantseg:27; Herbal_Dataset.v11i.yolov11:6,0,500,P3,F1=0.99 strong; no acquisition.,Extension/agronomic imagery matching current domain; expert-verified.,SHA-256 dedupe vs train/val/test + 178-image benchmark; expert or 2-reviewer crop-label sign-off; license check; no test-set or benchmark reuse.
wheat,500,65,65,65,0.8852,0.8308,0.8571,2,model2_v4_plantseg:421; model2_v4_plantseg_v3_supplementary:209,0,500,P3,F1=0.86 strong; no acquisition.,Extension/agronomic imagery matching current domain; expert-verified.,SHA-256 dedupe vs train/val/test + 178-image benchmark; expert or 2-reviewer crop-label sign-off; license check; no test-set or benchmark reuse.
cherry_tomato,0,0,0,0,0.0,0.0,0.0,0,,0,0,ALIAS,Alias of tomato (taxonomy rule); never an independent class. No acquisition. Error pattern: label_and_mapping_issue; confusions: None (never predicted).,Extension/agronomic imagery matching current domain; expert-verified.,ALIAS — no acquisition.
