class_id,canonical_class,train_count,val_count,test_count,total_count,has_validation,has_test
0,healthy,7174,590,1041,8805,True,True
1,apple__black_rot,66,7,10,83,True,True
2,apple__mosaic_virus,70,8,11,89,True,True
3,apple__rust,112,12,14,138,True,True
4,apple__scab,208,23,25,256,True,True
5,banana__anthracnose,56,6,7,69,True,True
6,banana__black_leaf_streak,127,14,17,158,True,True
7,banana__bunchy_top,115,13,11,139,True,True
8,banana__cigar_end_rot,47,5,4,56,True,True
9,banana__cordana_leaf_spot,42,5,4,51,True,True
10,banana__panama_disease,49,6,8,63,True,True
11,basil__downy_mildew,405,6,6,417,True,True
12,bean__angular_leaf_spot,330,37,65,432,True,True
13,bean__halo_blight,45,5,6,56,True,True
14,bean__mosaic_virus,47,5,5,57,True,True
15,bean__rust,471,52,77,600,True,True
16,bell_pepper__bacterial_spot,329,6,7,342,True,True
17,bell_pepper__blossom_end_rot,87,10,11,108,True,True
18,bell_pepper__frogeye_leaf_spot,301,2,4,307,True,True
19,bell_pepper__leaf_curl,444,41,0,485,True,False
20,bell_pepper__powdery_mildew,217,2,2,221,True,True
21,blueberry__anthracnose,87,4,4,95,True,True
22,blueberry__botrytis_blight,29,3,3,35,True,True
23,blueberry__exobasidium,100,17,0,117,True,False
24,blueberry__mummy_berry,38,4,4,46,True,True
25,blueberry__rust,34,4,5,43,True,True
26,blueberry__scorch,33,4,5,42,True,True
27,blueberry__septoria_leaf_spot,99,17,0,116,True,False
28,broccoli__alternaria_leaf_spot,49,5,8,62,True,True
29,broccoli__downy_mildew,22,2,4,28,True,True
30,broccoli__ring_spot,8,1,1,10,True,True
31,cabbage__alternaria_leaf_spot,47,5,6,58,True,True
32,cabbage__black_rot,96,11,13,120,True,True
33,cabbage__downy_mildew,68,8,8,84,True,True
34,carrot__alternaria_leaf_blight,47,5,7,59,True,True
35,carrot__cavity_spot,59,6,7,72,True,True
36,carrot__cercospora_leaf_blight,13,1,3,17,True,True
37,cauliflower__alternaria_leaf_spot,601,4,4,609,True,True
38,cauliflower__bacterial_soft_rot,806,3,2,811,True,True
39,cauliflower__black_rot,1148,40,0,1188,True,False
40,cauliflower__downy_mildew,529,57,0,586,True,False
41,cauliflower__pest_damage,599,40,0,639,True,False
42,celery__anthracnose,25,3,1,29,True,True
43,celery__early_blight,28,3,5,36,True,True
44,cherry__leaf_spot,86,10,10,106,True,True
45,cherry__powdery_mildew,27,3,3,33,True,True
46,citrus__canker,306,34,48,388,True,True
47,citrus__greening_disease,107,12,14,133,True,True
48,coffee__berry_blotch,86,10,9,105,True,True
49,coffee__black_rot,5,1,0,6,True,False
50,coffee__brown_eye_spot,12,1,1,14,True,True
51,coffee__leaf_rust,129,14,16,159,True,True
52,corn__gray_leaf_spot,85,10,12,107,True,True
53,corn__northern_leaf_blight,104,12,14,130,True,True
54,corn__rust,143,16,18,177,True,True
55,corn__smut,165,18,19,202,True,True
56,cucumber__angular_leaf_spot,144,16,22,182,True,True
57,cucumber__bacterial_wilt,85,10,13,108,True,True
58,cucumber__powdery_mildew,283,31,22,336,True,True
59,eggplant__cercospora_leaf_spot,117,5,6,128,True,True
60,eggplant__mosaic_virus,213,37,0,250,True,False
61,eggplant__pest_damage,212,38,0,250,True,False
62,eggplant__phomopsis_fruit_rot,36,4,5,45,True,True
63,eggplant__phytophthora_blight,26,3,4,33,True,True
64,eggplant__wilt_disease,54,11,0,65,True,False
65,garlic__leaf_blight,72,8,12,92,True,True
66,garlic__rust,85,9,12,106,True,True
67,ginger__leaf_blight,177,31,0,208,True,False
68,ginger__leaf_spot,19,2,4,25,True,True
69,ginger__pest_damage,177,31,0,208,True,False
70,ginger__sheath_blight,52,6,8,66,True,True
71,grape__black_rot,97,11,13,121,True,True
72,grape__downy_mildew,221,25,32,278,True,True
73,grape__grapevine_leafroll_disease,59,7,5,71,True,True
74,grape__leaf_spot,70,8,10,88,True,True
75,lettuce__downy_mildew,67,7,8,82,True,True
76,lettuce__mosaic_virus,31,4,4,39,True,True
77,maple__tar_spot,95,10,8,113,True,True
78,peach__anthracnose,11,1,1,13,True,True
79,peach__brown_rot,137,15,14,166,True,True
80,peach__leaf_curl,148,16,18,182,True,True
81,peach__rust,6,1,1,8,True,True
82,peach__scab,60,7,8,75,True,True
83,plum__bacterial_spot,257,2,1,260,True,True
84,plum__brown_rot,64,7,5,76,True,True
85,plum__pocket_disease,48,5,4,57,True,True
86,plum__pox_virus,25,3,4,32,True,True
87,plum__rust,29,3,2,34,True,True
88,plum__shot_hole,285,40,0,325,True,False
89,potato__early_blight,103,11,10,124,True,True
90,potato__late_blight,93,10,12,115,True,True
91,raspberry__fire_blight,24,3,4,31,True,True
92,raspberry__gray_mold,32,4,2,38,True,True
93,raspberry__leaf_spot,15,2,1,18,True,True
94,raspberry__yellow_rust,29,3,4,36,True,True
95,rice__blast,68,8,7,83,True,True
96,rice__sheath_blight,58,6,8,72,True,True
97,rose__black_spot,321,40,0,361,True,False
98,rose__downy_mildew,268,40,0,308,True,False
99,rose__mosaic_virus,261,40,0,301,True,False
100,rose__pest_damage,258,42,0,300,True,False
101,rose__powdery_mildew,321,40,0,361,True,False
102,rose__rust,285,40,0,325,True,False
103,soybean__bacterial_blight,70,8,9,87,True,True
104,soybean__brown_spot,49,5,7,61,True,True
105,soybean__downy_mildew,111,12,11,134,True,True
106,soybean__frog_eye_leaf_spot,170,19,21,210,True,True
107,soybean__mosaic,92,10,13,115,True,True
108,soybean__rust,455,51,9,515,True,True
109,spinach__anthracnose,101,17,0,118,True,False
110,spinach__bacterial_spot,110,19,0,129,True,False
111,spinach__downy_mildew,49,8,0,57,True,False
112,spinach__pest_damage,216,37,0,253,True,False
113,squash__powdery_mildew,139,15,20,174,True,True
114,strawberry__angular_leaf_spot,240,40,0,280,True,False
115,strawberry__anthracnose,184,5,5,194,True,True
116,strawberry__gray_mold,294,40,0,334,True,False
117,strawberry__leaf_scorch,32,4,3,39,True,True
118,strawberry__leaf_spot,291,40,0,331,True,False
119,strawberry__powdery_mildew,261,40,0,301,True,False
120,tobacco__blue_mold,45,5,5,55,True,True
121,tobacco__brown_spot,49,6,7,62,True,True
122,tobacco__frogeye_leaf_spot,15,2,3,20,True,True
123,tobacco__mosaic_virus,32,4,5,41,True,True
124,tomato__bacterial_leaf_spot,85,9,13,107,True,True
125,tomato__early_blight,275,31,22,328,True,True
126,tomato__late_blight,254,29,17,300,True,True
127,tomato__leaf_mold,198,22,16,236,True,True
128,tomato__mosaic_virus,50,6,7,63,True,True
129,tomato__septoria_leaf_spot,233,26,14,273,True,True
130,tomato__yellow_leaf_curl_virus,72,8,9,89,True,True
131,wheat__bacterial_leaf_streak_(black_chaff),92,10,13,115,True,True
132,wheat__head_scab,221,24,30,275,True,True
133,wheat__leaf_rust,105,12,11,128,True,True
134,wheat__loose_smut,154,17,19,190,True,True
135,wheat__powdery_mildew,211,24,27,262,True,True
136,wheat__septoria_blotch,164,18,19,201,True,True
137,wheat__stem_rust,111,12,13,136,True,True
138,wheat__stripe_rust,264,29,32,325,True,True
139,zucchini__bacterial_wilt,53,6,9,68,True,True
140,zucchini__downy_mildew,34,4,5,43,True,True
141,zucchini__powdery_mildew,164,18,18,200,True,True
142,zucchini__yellow_mosaic_virus,77,9,9,95,True,True
