raw_full_class,canonical_class,mapping_reason
apple__black_rot,apple__black_rot,Direct standard canonical mapping
apple__mosaic_virus,apple__mosaic_virus,Direct standard canonical mapping
apple__rust,apple__rust,Direct standard canonical mapping
apple__scab,apple__scab,Direct standard canonical mapping
banana__anthracnose,banana__anthracnose,Direct standard canonical mapping
banana__black_leaf_streak,banana__black_leaf_streak,Direct standard canonical mapping
banana__bunchy_top,banana__bunchy_top,Direct standard canonical mapping
banana__cigar_end_rot,banana__cigar_end_rot,Direct standard canonical mapping
banana__cordana_leaf_spot,banana__cordana_leaf_spot,Direct standard canonical mapping
banana__panama_disease,banana__panama_disease,Direct standard canonical mapping
basil__downy_mildew,basil__downy_mildew,Direct standard canonical mapping
bean__angular_leaf_spot,bean__angular_leaf_spot,Direct standard canonical mapping
bean__halo_blight,bean__halo_blight,Direct standard canonical mapping
bean__healthy,healthy,Mapped to unified shared healthy class
bean__mosaic_virus,bean__mosaic_virus,Direct standard canonical mapping
bean__rust,bean__rust,Direct standard canonical mapping
bell_pepper__Cerespora,bell_pepper__frogeye_leaf_spot,Merged Cerespora typo into frogeye leaf spot
bell_pepper__Leaf_Curl,bell_pepper__leaf_curl,Canonicalized leaf curl
bell_pepper__bacterial_spot,bell_pepper__bacterial_spot,Direct standard canonical mapping
bell_pepper__blossom_end_rot,bell_pepper__blossom_end_rot,Direct standard canonical mapping
bell_pepper__frogeye_leaf_spot,bell_pepper__frogeye_leaf_spot,Direct standard canonical mapping
bell_pepper__healthy,healthy,Mapped to unified shared healthy class
bell_pepper__powdery_mildew,bell_pepper__powdery_mildew,Direct standard canonical mapping
blueberry__Blueberry Fruit healthy,healthy,Mapped to unified shared healthy class
blueberry__anthracnose,blueberry__anthracnose,Direct standard canonical mapping
blueberry__botrytis_blight,blueberry__botrytis_blight,Direct standard canonical mapping
blueberry__exobasidium,blueberry__exobasidium,Canonicalized exobasidium
blueberry__healthy_leaves,healthy,Mapped to unified shared healthy class
blueberry__mummy_berry,blueberry__mummy_berry,Direct standard canonical mapping
blueberry__rust,blueberry__rust,Direct standard canonical mapping
blueberry__scorch,blueberry__scorch,Direct standard canonical mapping
blueberry__septoria_leaf_spot,blueberry__septoria_leaf_spot,Canonicalized septoria leaf spot
broccoli__alternaria_leaf_spot,broccoli__alternaria_leaf_spot,Direct standard canonical mapping
broccoli__downy_mildew,broccoli__downy_mildew,Direct standard canonical mapping
broccoli__healthy,healthy,Mapped to unified shared healthy class
broccoli__ring_spot,broccoli__ring_spot,Direct standard canonical mapping
cabbage__alternaria_leaf_spot,cabbage__alternaria_leaf_spot,Direct standard canonical mapping
cabbage__black_rot,cabbage__black_rot,Direct standard canonical mapping
cabbage__downy_mildew,cabbage__downy_mildew,Direct standard canonical mapping
cabbage__healthy,healthy,Mapped to unified shared healthy class
capsicum__healthy,healthy,Mapped to unified shared healthy class
carrot__alternaria_leaf_blight,carrot__alternaria_leaf_blight,Direct standard canonical mapping
carrot__cavity_spot,carrot__cavity_spot,Direct standard canonical mapping
carrot__cercospora_leaf_blight,carrot__cercospora_leaf_blight,Direct standard canonical mapping
cauliflower__alternaria_leaf_spot,cauliflower__alternaria_leaf_spot,Merged alternaria leaf/head spot into canonical alternaria leaf spot
cauliflower__bacterial_soft_rot,cauliflower__bacterial_soft_rot,Merged bacterial soft/spot rot into canonical bacterial soft rot
cauliflower__cauliflower_fruit_Alternaria Brassicae,cauliflower__alternaria_leaf_spot,Merged alternaria leaf/head spot into canonical alternaria leaf spot
cauliflower__cauliflower_fruit_Bacterial Soft Rot,cauliflower__bacterial_soft_rot,Merged bacterial soft/spot rot into canonical bacterial soft rot
cauliflower__cauliflower_fruit_Bacterial Spot,cauliflower__bacterial_soft_rot,Merged bacterial soft/spot rot into canonical bacterial soft rot
cauliflower__cauliflower_fruit_Bacterial spot rot,cauliflower__bacterial_soft_rot,Merged bacterial soft/spot rot into canonical bacterial soft rot
cauliflower__cauliflower_fruit_Black Spot,cauliflower__alternaria_leaf_spot,Merged alternaria leaf/head spot into canonical alternaria leaf spot
cauliflower__cauliflower_fruit_healthy,healthy,Mapped to unified shared healthy class
cauliflower__cauliflower_leaf_Alternaria Leaf Spot,cauliflower__alternaria_leaf_spot,Merged alternaria leaf/head spot into canonical alternaria leaf spot
cauliflower__cauliflower_leaf_Black Rot,cauliflower__black_rot,Merged organ leaf black rot into canonical black rot
cauliflower__cauliflower_leaf_Downy Mildew,cauliflower__downy_mildew,Merged leaf downy mildew into canonical downy mildew
cauliflower__cauliflower_leaf_Healthy,healthy,Mapped to unified shared healthy class
cauliflower__cauliflower_leaf_Insect Hole,cauliflower__pest_damage,Standardized insect damage to pest_damage
cauliflower__healthy,healthy,Mapped to unified shared healthy class
celery__anthracnose,celery__anthracnose,Direct standard canonical mapping
celery__early_blight,celery__early_blight,Direct standard canonical mapping
cherry__leaf_spot,cherry__leaf_spot,Direct standard canonical mapping
cherry__powdery_mildew,cherry__powdery_mildew,Direct standard canonical mapping
citrus__canker,citrus__canker,Direct standard canonical mapping
citrus__greening_disease,citrus__greening_disease,Direct standard canonical mapping
coffee__berry_blotch,coffee__berry_blotch,Direct standard canonical mapping
coffee__black_rot,coffee__black_rot,Direct standard canonical mapping
coffee__brown_eye_spot,coffee__brown_eye_spot,Direct standard canonical mapping
coffee__leaf_rust,coffee__leaf_rust,Direct standard canonical mapping
corn__gray_leaf_spot,corn__gray_leaf_spot,Direct standard canonical mapping
corn__northern_leaf_blight,corn__northern_leaf_blight,Direct standard canonical mapping
corn__rust,corn__rust,Direct standard canonical mapping
corn__smut,corn__smut,Direct standard canonical mapping
cucumber__angular_leaf_spot,cucumber__angular_leaf_spot,Direct standard canonical mapping
cucumber__bacterial_wilt,cucumber__bacterial_wilt,Direct standard canonical mapping
cucumber__healthy,healthy,Mapped to unified shared healthy class
cucumber__powdery_mildew,cucumber__powdery_mildew,Direct standard canonical mapping
eggplant__cercospora_leaf_spot,eggplant__cercospora_leaf_spot,Direct standard canonical mapping
eggplant__healthy_leaf,healthy,Mapped to unified shared healthy class
eggplant__insect_pest_disease,eggplant__pest_damage,Standardized insect pest damage
eggplant__leaf_spot,eggplant__cercospora_leaf_spot,Merged generic leaf spot into cercospora leaf spot
eggplant__mosiac_virus,eggplant__mosaic_virus,Fixed mosaic spelling
eggplant__phomopsis_fruit_rot,eggplant__phomopsis_fruit_rot,Direct standard canonical mapping
eggplant__phytophthora_blight,eggplant__phytophthora_blight,Direct standard canonical mapping
eggplant__wilt_disease,eggplant__wilt_disease,Canonicalized wilt disease
garlic__leaf_blight,garlic__leaf_blight,Direct standard canonical mapping
garlic__rust,garlic__rust,Direct standard canonical mapping
ginger__damage-pest,ginger__pest_damage,Standardized pest damage
ginger__healthy,healthy,Mapped to unified shared healthy class
ginger__leaf_blight,ginger__leaf_blight,Canonicalized leaf blight
ginger__leaf_spot,ginger__leaf_spot,Direct standard canonical mapping
ginger__sheath_blight,ginger__sheath_blight,Direct standard canonical mapping
grape__black_rot,grape__black_rot,Direct standard canonical mapping
grape__downy_mildew,grape__downy_mildew,Direct standard canonical mapping
grape__grapevine_leafroll_disease,grape__grapevine_leafroll_disease,Direct standard canonical mapping
grape__leaf_spot,grape__leaf_spot,Direct standard canonical mapping
lettuce__downy_mildew,lettuce__downy_mildew,Direct standard canonical mapping
lettuce__healthy,healthy,Mapped to unified shared healthy class
lettuce__mosaic_virus,lettuce__mosaic_virus,Direct standard canonical mapping
maple__tar_spot,maple__tar_spot,Direct standard canonical mapping
marigold__healthy,healthy,Mapped to unified shared healthy class
peach__anthracnose,peach__anthracnose,Direct standard canonical mapping
peach__brown_rot,peach__brown_rot,Direct standard canonical mapping
peach__leaf_curl,peach__leaf_curl,Direct standard canonical mapping
peach__rust,peach__rust,Direct standard canonical mapping
peach__scab,peach__scab,Direct standard canonical mapping
plum__bacterial_spot,plum__bacterial_spot,Direct standard canonical mapping
plum__brown_rot,plum__brown_rot,Direct standard canonical mapping
plum__healthy_fruit,healthy,Mapped to unified shared healthy class
plum__healthy_leaf,healthy,Mapped to unified shared healthy class
plum__pocket_disease,plum__pocket_disease,Direct standard canonical mapping
plum__pox_virus,plum__pox_virus,Direct standard canonical mapping
plum__rust,plum__rust,Direct standard canonical mapping
plum__shot hole,plum__shot_hole,Canonicalized shot hole spacing
potato__early_blight,potato__early_blight,Direct standard canonical mapping
potato__late_blight,potato__late_blight,Direct standard canonical mapping
raspberry__fire_blight,raspberry__fire_blight,Direct standard canonical mapping
raspberry__gray_mold,raspberry__gray_mold,Direct standard canonical mapping
raspberry__leaf_spot,raspberry__leaf_spot,Direct standard canonical mapping
raspberry__yellow_rust,raspberry__yellow_rust,Direct standard canonical mapping
rice__blast,rice__blast,Direct standard canonical mapping
rice__sheath_blight,rice__sheath_blight,Direct standard canonical mapping
rose__black spot,rose__black_spot,Canonicalized black spot spacing
rose__downy_mildew,rose__downy_mildew,Canonicalized downy mildew
rose__healthy,healthy,Mapped to unified shared healthy class
rose__insect_hole,rose__pest_damage,Standardized insect damage to pest_damage
rose__mosiac_virus,rose__mosaic_virus,Fixed mosaic spelling
rose__powdery_mildew,rose__powdery_mildew,Canonicalized powdery mildew
rose__rust,rose__rust,Canonicalized rust
soybean__bacterial_blight,soybean__bacterial_blight,Direct standard canonical mapping
soybean__brown_spot,soybean__brown_spot,Direct standard canonical mapping
soybean__downy_mildew,soybean__downy_mildew,Direct standard canonical mapping
soybean__frog_eye_leaf_spot,soybean__frog_eye_leaf_spot,Direct standard canonical mapping
soybean__mosaic,soybean__mosaic,Direct standard canonical mapping
soybean__rust,soybean__rust,Direct standard canonical mapping
spinach__healthy,healthy,Mapped to unified shared healthy class
spinach__pest_damage,spinach__pest_damage,Standardized pest damage
spinach__spinach_anthracnose,spinach__anthracnose,Removed redundant crop prefix
spinach__spinach_bacterial_spot,spinach__bacterial_spot,Removed redundant crop prefix
spinach__spinach_mildew,spinach__downy_mildew,Standardized spinach mildew to downy_mildew
squash__powdery_mildew,squash__powdery_mildew,Direct standard canonical mapping
strawberry__Strawberry_Fruit_anthracnose,strawberry__anthracnose,Merged fruit anthracnose into canonical anthracnose
strawberry__angular_leaf_spot,strawberry__angular_leaf_spot,Canonicalized angular leaf spot
strawberry__anthracnose,strawberry__anthracnose,Merged fruit anthracnose into canonical anthracnose
strawberry__gray_mold,strawberry__gray_mold,Canonicalized gray mold
strawberry__healthy,healthy,Mapped to unified shared healthy class
strawberry__leaf spot,strawberry__leaf_spot,Canonicalized leaf spot spacing
strawberry__leaf_scorch,strawberry__leaf_scorch,Direct standard canonical mapping
strawberry__powdery_mildew,strawberry__powdery_mildew,Canonicalized powdery mildew
tobacco__blue_mold,tobacco__blue_mold,Direct standard canonical mapping
tobacco__brown_spot,tobacco__brown_spot,Direct standard canonical mapping
tobacco__frogeye_leaf_spot,tobacco__frogeye_leaf_spot,Direct standard canonical mapping
tobacco__mosaic_virus,tobacco__mosaic_virus,Direct standard canonical mapping
tomato__bacterial_leaf_spot,tomato__bacterial_leaf_spot,Direct standard canonical mapping
tomato__early_blight,tomato__early_blight,Direct standard canonical mapping
tomato__healthy,healthy,Mapped to unified shared healthy class
tomato__late_blight,tomato__late_blight,Direct standard canonical mapping
tomato__leaf_mold,tomato__leaf_mold,Direct standard canonical mapping
tomato__mosaic_virus,tomato__mosaic_virus,Direct standard canonical mapping
tomato__septoria_leaf_spot,tomato__septoria_leaf_spot,Direct standard canonical mapping
tomato__yellow_leaf_curl_virus,tomato__yellow_leaf_curl_virus,Direct standard canonical mapping
turnip__healthy,healthy,Mapped to unified shared healthy class
wheat__bacterial_leaf_streak_(black_chaff),wheat__bacterial_leaf_streak_(black_chaff),Direct standard canonical mapping
wheat__head_scab,wheat__head_scab,Direct standard canonical mapping
wheat__leaf_rust,wheat__leaf_rust,Direct standard canonical mapping
wheat__loose_smut,wheat__loose_smut,Direct standard canonical mapping
wheat__powdery_mildew,wheat__powdery_mildew,Direct standard canonical mapping
wheat__septoria_blotch,wheat__septoria_blotch,Direct standard canonical mapping
wheat__stem_rust,wheat__stem_rust,Direct standard canonical mapping
wheat__stripe_rust,wheat__stripe_rust,Direct standard canonical mapping
zucchini__bacterial_wilt,zucchini__bacterial_wilt,Direct standard canonical mapping
zucchini__downy_mildew,zucchini__downy_mildew,Direct standard canonical mapping
zucchini__powdery_mildew,zucchini__powdery_mildew,Direct standard canonical mapping
zucchini__yellow_mosaic_virus,zucchini__yellow_mosaic_virus,Direct standard canonical mapping
