epoch,train_loss,train_accuracy,val_loss,val_accuracy,val_macro_f1,lr,epoch_time_sec,peak_vram_mb
1,0.204,0.9445,0.0721,0.9783,0.8912,0.000300,742.0,1136.6
2,0.0938,0.9714,0.0915,0.9735,0.8969,0.000295,525.9,1134.7
3,0.071,0.9787,0.064,0.9821,0.9082,0.000280,516.5,1134.7
4,0.0543,0.9826,0.0624,0.9841,0.9226,0.000256,596.6,1134.7
5,0.0409,0.9873,0.0619,0.9856,0.932,0.000225,634.9,1134.7
6,0.028,0.9906,0.0658,0.9856,0.9368,0.000189,521.5,1134.7
7,0.0212,0.9933,0.0497,0.9875,0.9222,0.000150,538.1,1134.7
8,0.0118,0.9962,0.0645,0.9858,0.9195,0.000112,534.0,1134.7
9,0.0088,0.9969,0.0622,0.9864,0.9254,0.000076,503.7,1134.7
10,0.0055,0.9981,0.0631,0.9867,0.9293,0.000045,494.2,1134.7
