class_name,class_idx,precision,recall,f1_score,support
anthurium,0,1.0,1.0,1.0,11.0
blueberry,1,0.9375,0.9375,0.9375,32.0
broccoli,2,0.9524,0.9524,0.9524,42.0
capsicum,3,0.9605,0.9733,0.9669,150.0
carnation,4,1.0,1.0,1.0,6.0
cherry_tomato,5,0.0,0.0,0.0,0.0
chrysanthemum,6,0.9767,0.9767,0.9767,43.0
cucumber,7,0.9866,0.98,0.9833,150.0
french_bean,8,0.9708,0.95,0.9603,140.0
geranium,9,1.0,1.0,1.0,26.0
gerbera,10,0.0,0.0,0.0,1.0
gypsophila,11,0.0,0.0,0.0,0.0
lettuce,12,0.9864,0.9667,0.9764,150.0
lilium,13,1.0,1.0,1.0,5.0
marigold,14,0.9756,0.9917,0.9836,121.0
melon,15,1.0,1.0,1.0,26.0
orchid,16,1.0,0.9917,0.9958,120.0
rose,17,0.9933,0.9867,0.99,150.0
spinach,18,1.0,1.0,1.0,150.0
strawberry,19,0.9868,0.9933,0.99,150.0
tomato,20,0.9797,0.9667,0.9732,150.0
zucchini,21,0.8298,0.975,0.8966,40.0
